Origin,Timestamp,Value
Syrian Arab Republic,1999,0
Afghanistan,1999,1213
Iraq,1999,2360
Lebanon,1999,122
Palestinian,1999,48
Pakistan,1999,491
Iran (Islamic Rep. of),1999,788
Syrian Arab Republic,1999.08333333333,0
Afghanistan,1999.08333333333,2842
Iraq,1999.08333333333,4865
Lebanon,1999.08333333333,237
Palestinian,1999.08333333333,92
Pakistan,1999.08333333333,1014
Iran (Islamic Rep. of),1999.08333333333,1726
Syrian Arab Republic,1999.1666666666601,0
Afghanistan,1999.1666666666601,3173
Iraq,1999.1666666666601,5153
Lebanon,1999.1666666666601,181
Palestinian,1999.1666666666601,79
Pakistan,1999.1666666666601,1045
Iran (Islamic Rep. of),1999.1666666666601,1914
Syrian Arab Republic,1999.2499999999902,0
Afghanistan,1999.2499999999902,3074
Iraq,1999.2499999999902,5111
Lebanon,1999.2499999999902,145
Palestinian,1999.2499999999902,68
Pakistan,1999.2499999999902,1138
Iran (Islamic Rep. of),1999.2499999999902,1937
Syrian Arab Republic,1999.3333333333203,0
Afghanistan,1999.3333333333203,3378
Iraq,1999.3333333333203,4964
Lebanon,1999.3333333333203,156
Palestinian,1999.3333333333203,79
Pakistan,1999.3333333333203,1281
Iran (Islamic Rep. of),1999.3333333333203,2152
Syrian Arab Republic,1999.4166666666504,0
Afghanistan,1999.4166666666504,3638
Iraq,1999.4166666666504,5373
Lebanon,1999.4166666666504,188
Palestinian,1999.4166666666504,80
Pakistan,1999.4166666666504,1433
Iran (Islamic Rep. of),1999.4166666666504,2415
Syrian Arab Republic,1999.4999999999804,0
Afghanistan,1999.4999999999804,3920
Iraq,1999.4999999999804,5550
Lebanon,1999.4999999999804,272
Palestinian,1999.4999999999804,61
Pakistan,1999.4999999999804,1536
Iran (Islamic Rep. of),1999.4999999999804,2943
Syrian Arab Republic,1999.5833333333105,0
Afghanistan,1999.5833333333105,4479
Iraq,1999.5833333333105,5766
Lebanon,1999.5833333333105,351
Palestinian,1999.5833333333105,50
Pakistan,1999.5833333333105,1553
Iran (Islamic Rep. of),1999.5833333333105,3601
Syrian Arab Republic,1999.6666666666406,0
Afghanistan,1999.6666666666406,4844
Iraq,1999.6666666666406,6146
Lebanon,1999.6666666666406,355
Palestinian,1999.6666666666406,57
Pakistan,1999.6666666666406,1463
Iran (Islamic Rep. of),1999.6666666666406,3745
Syrian Arab Republic,1999.7499999999707,0
Afghanistan,1999.7499999999707,5553
Iraq,1999.7499999999707,6047
Lebanon,1999.7499999999707,339
Palestinian,1999.7499999999707,65
Pakistan,1999.7499999999707,1516
Iran (Islamic Rep. of),1999.7499999999707,3571
Syrian Arab Republic,1999.8333333333007,0
Afghanistan,1999.8333333333007,5717
Iraq,1999.8333333333007,5975
Lebanon,1999.8333333333007,365
Palestinian,1999.8333333333007,57
Pakistan,1999.8333333333007,1725
Iran (Islamic Rep. of),1999.8333333333007,3828
Syrian Arab Republic,1999.9166666666308,0
Afghanistan,1999.9166666666308,4764
Iraq,1999.9166666666308,5519
Lebanon,1999.9166666666308,343
Palestinian,1999.9166666666308,45
Pakistan,1999.9166666666308,1802
Iran (Islamic Rep. of),1999.9166666666308,3624
Syrian Arab Republic,1999.999999999961,0
Afghanistan,1999.999999999961,4153
Iraq,1999.999999999961,5296
Lebanon,1999.999999999961,349
Palestinian,1999.999999999961,33
Pakistan,1999.999999999961,1654
Iran (Islamic Rep. of),1999.999999999961,2725
Syrian Arab Republic,2000.083333333291,0
Afghanistan,2000.083333333291,4102
Iraq,2000.083333333291,5097
Lebanon,2000.083333333291,412
Palestinian,2000.083333333291,39
Pakistan,2000.083333333291,1605
Iran (Islamic Rep. of),2000.083333333291,2753
Syrian Arab Republic,2000.166666666621,0
Afghanistan,2000.166666666621,4000
Iraq,2000.166666666621,4364
Lebanon,2000.166666666621,366
Palestinian,2000.166666666621,44
Pakistan,2000.166666666621,1493
Iran (Islamic Rep. of),2000.166666666621,2957
Syrian Arab Republic,2000.2499999999511,0
Afghanistan,2000.2499999999511,4326
Iraq,2000.2499999999511,4556
Lebanon,2000.2499999999511,308
Palestinian,2000.2499999999511,42
Pakistan,2000.2499999999511,1264
Iran (Islamic Rep. of),2000.2499999999511,3379
Syrian Arab Republic,2000.3333333332812,0
Afghanistan,2000.3333333332812,4745
Iraq,2000.3333333332812,4776
Lebanon,2000.3333333332812,315
Palestinian,2000.3333333332812,37
Pakistan,2000.3333333332812,1236
Iran (Islamic Rep. of),2000.3333333332812,3959
Syrian Arab Republic,2000.4166666666113,0
Afghanistan,2000.4166666666113,4678
Iraq,2000.4166666666113,5429
Lebanon,2000.4166666666113,288
Palestinian,2000.4166666666113,33
Pakistan,2000.4166666666113,1234
Iran (Islamic Rep. of),2000.4166666666113,5014
Syrian Arab Republic,2000.4999999999413,0
Afghanistan,2000.4999999999413,4769
Iraq,2000.4999999999413,6899
Lebanon,2000.4999999999413,280
Palestinian,2000.4999999999413,44
Pakistan,2000.4999999999413,1220
Iran (Islamic Rep. of),2000.4999999999413,7078
Syrian Arab Republic,2000.5833333332714,0
Afghanistan,2000.5833333332714,5173
Iraq,2000.5833333332714,7466
Lebanon,2000.5833333332714,290
Palestinian,2000.5833333332714,35
Pakistan,2000.5833333332714,1196
Iran (Islamic Rep. of),2000.5833333332714,7607
Syrian Arab Republic,2000.6666666666015,0
Afghanistan,2000.6666666666015,5625
Iraq,2000.6666666666015,7949
Lebanon,2000.6666666666015,278
Palestinian,2000.6666666666015,42
Pakistan,2000.6666666666015,1269
Iran (Islamic Rep. of),2000.6666666666015,7702
Syrian Arab Republic,2000.7499999999316,0
Afghanistan,2000.7499999999316,6414
Iraq,2000.7499999999316,8436
Lebanon,2000.7499999999316,256
Palestinian,2000.7499999999316,51
Pakistan,2000.7499999999316,1397
Iran (Islamic Rep. of),2000.7499999999316,8303
Syrian Arab Republic,2000.8333333332616,0
Afghanistan,2000.8333333332616,6182
Iraq,2000.8333333332616,7663
Lebanon,2000.8333333332616,215
Palestinian,2000.8333333332616,51
Pakistan,2000.8333333332616,1405
Iran (Islamic Rep. of),2000.8333333332616,6913
Syrian Arab Republic,2000.9166666665917,0
Afghanistan,2000.9166666665917,5611
Iraq,2000.9166666665917,7275
Lebanon,2000.9166666665917,281
Palestinian,2000.9166666665917,130
Pakistan,2000.9166666665917,1344
Iran (Islamic Rep. of),2000.9166666665917,5348
Syrian Arab Republic,2000.9999999999218,0
Afghanistan,2000.9999999999218,6346
Iraq,2000.9999999999218,7515
Lebanon,2000.9999999999218,314
Palestinian,2000.9999999999218,182
Pakistan,2000.9999999999218,1213
Iran (Islamic Rep. of),2000.9999999999218,4032
Syrian Arab Republic,2001.0833333332519,0
Afghanistan,2001.0833333332519,7763
Iraq,2001.0833333332519,7338
Lebanon,2001.0833333332519,233
Palestinian,2001.0833333332519,151
Pakistan,2001.0833333332519,1146
Iran (Islamic Rep. of),2001.0833333332519,2801
Syrian Arab Republic,2001.166666666582,0
Afghanistan,2001.166666666582,8524
Iraq,2001.166666666582,6688
Lebanon,2001.166666666582,212
Palestinian,2001.166666666582,135
Pakistan,2001.166666666582,1167
Iran (Islamic Rep. of),2001.166666666582,2572
Syrian Arab Republic,2001.249999999912,0
Afghanistan,2001.249999999912,8418
Iraq,2001.249999999912,6415
Lebanon,2001.249999999912,221
Palestinian,2001.249999999912,169
Pakistan,2001.249999999912,1119
Iran (Islamic Rep. of),2001.249999999912,2527
Syrian Arab Republic,2001.333333333242,0
Afghanistan,2001.333333333242,8007
Iraq,2001.333333333242,6946
Lebanon,2001.333333333242,223
Palestinian,2001.333333333242,174
Pakistan,2001.333333333242,1118
Iran (Islamic Rep. of),2001.333333333242,2568
Syrian Arab Republic,2001.4166666665722,0
Afghanistan,2001.4166666665722,7514
Iraq,2001.4166666665722,8224
Lebanon,2001.4166666665722,281
Palestinian,2001.4166666665722,179
Pakistan,2001.4166666665722,1302
Iran (Islamic Rep. of),2001.4166666665722,2684
Syrian Arab Republic,2001.4999999999022,0
Afghanistan,2001.4999999999022,8761
Iraq,2001.4999999999022,9243
Lebanon,2001.4999999999022,354
Palestinian,2001.4999999999022,222
Pakistan,2001.4999999999022,1438
Iran (Islamic Rep. of),2001.4999999999022,2947
Syrian Arab Republic,2001.5833333332323,0
Afghanistan,2001.5833333332323,10053
Iraq,2001.5833333332323,9012
Lebanon,2001.5833333332323,401
Palestinian,2001.5833333332323,234
Pakistan,2001.5833333332323,1218
Iran (Islamic Rep. of),2001.5833333332323,3069
Syrian Arab Republic,2001.6666666665624,0
Afghanistan,2001.6666666665624,10217
Iraq,2001.6666666665624,8726
Lebanon,2001.6666666665624,415
Palestinian,2001.6666666665624,221
Pakistan,2001.6666666665624,1221
Iran (Islamic Rep. of),2001.6666666665624,3128
Syrian Arab Republic,2001.7499999998925,0
Afghanistan,2001.7499999998925,9741
Iraq,2001.7499999998925,8184
Lebanon,2001.7499999998925,322
Palestinian,2001.7499999998925,158
Pakistan,2001.7499999998925,1251
Iran (Islamic Rep. of),2001.7499999998925,2915
Syrian Arab Republic,2001.8333333332225,0
Afghanistan,2001.8333333332225,8281
Iraq,2001.8333333332225,7605
Lebanon,2001.8333333332225,230
Palestinian,2001.8333333332225,119
Pakistan,2001.8333333332225,1118
Iran (Islamic Rep. of),2001.8333333332225,2528
Syrian Arab Republic,2001.9166666665526,0
Afghanistan,2001.9166666665526,7153
Iraq,2001.9166666665526,8339
Lebanon,2001.9166666665526,264
Palestinian,2001.9166666665526,136
Pakistan,2001.9166666665526,1293
Iran (Islamic Rep. of),2001.9166666665526,2515
Syrian Arab Republic,2001.9999999998827,0
Afghanistan,2001.9999999998827,6097
Iraq,2001.9999999998827,8673
Lebanon,2001.9999999998827,295
Palestinian,2001.9999999998827,117
Pakistan,2001.9999999998827,1322
Iran (Islamic Rep. of),2001.9999999998827,2377
Syrian Arab Republic,2002.0833333332127,0
Afghanistan,2002.0833333332127,5104
Iraq,2002.0833333332127,7630
Lebanon,2002.0833333332127,273
Palestinian,2002.0833333332127,105
Pakistan,2002.0833333332127,1176
Iran (Islamic Rep. of),2002.0833333332127,1994
Syrian Arab Republic,2002.1666666665428,0
Afghanistan,2002.1666666665428,5239
Iraq,2002.1666666665428,7037
Lebanon,2002.1666666665428,267
Palestinian,2002.1666666665428,128
Pakistan,2002.1666666665428,1215
Iran (Islamic Rep. of),2002.1666666665428,1896
Syrian Arab Republic,2002.249999999873,0
Afghanistan,2002.249999999873,4913
Iraq,2002.249999999873,7257
Lebanon,2002.249999999873,266
Palestinian,2002.249999999873,162
Pakistan,2002.249999999873,1239
Iran (Islamic Rep. of),2002.249999999873,1911
Syrian Arab Republic,2002.333333333203,0
Afghanistan,2002.333333333203,3930
Iraq,2002.333333333203,7378
Lebanon,2002.333333333203,293
Palestinian,2002.333333333203,139
Pakistan,2002.333333333203,1181
Iran (Islamic Rep. of),2002.333333333203,1799
Syrian Arab Republic,2002.416666666533,0
Afghanistan,2002.416666666533,4017
Iraq,2002.416666666533,7701
Lebanon,2002.416666666533,305
Palestinian,2002.416666666533,102
Pakistan,2002.416666666533,1312
Iran (Islamic Rep. of),2002.416666666533,2136
Syrian Arab Republic,2002.4999999998631,0
Afghanistan,2002.4999999998631,4012
Iraq,2002.4999999998631,8500
Lebanon,2002.4999999998631,278
Palestinian,2002.4999999998631,164
Pakistan,2002.4999999998631,1286
Iran (Islamic Rep. of),2002.4999999998631,2602
Syrian Arab Republic,2002.5833333331932,0
Afghanistan,2002.5833333331932,3685
Iraq,2002.5833333331932,9549
Lebanon,2002.5833333331932,354
Palestinian,2002.5833333331932,213
Pakistan,2002.5833333331932,1108
Iran (Islamic Rep. of),2002.5833333331932,2722
Syrian Arab Republic,2002.6666666665233,0
Afghanistan,2002.6666666665233,3707
Iraq,2002.6666666665233,10836
Lebanon,2002.6666666665233,433
Palestinian,2002.6666666665233,250
Pakistan,2002.6666666665233,1129
Iran (Islamic Rep. of),2002.6666666665233,2954
Syrian Arab Republic,2002.7499999998533,0
Afghanistan,2002.7499999998533,3598
Iraq,2002.7499999998533,10036
Lebanon,2002.7499999998533,384
Palestinian,2002.7499999998533,303
Pakistan,2002.7499999998533,1201
Iran (Islamic Rep. of),2002.7499999998533,2785
Syrian Arab Republic,2002.8333333331834,0
Afghanistan,2002.8333333331834,3236
Iraq,2002.8333333331834,8166
Lebanon,2002.8333333331834,340
Palestinian,2002.8333333331834,314
Pakistan,2002.8333333331834,1219
Iran (Islamic Rep. of),2002.8333333331834,2504
Syrian Arab Republic,2002.9166666665135,0
Afghanistan,2002.9166666665135,2824
Iraq,2002.9166666665135,8040
Lebanon,2002.9166666665135,412
Palestinian,2002.9166666665135,312
Pakistan,2002.9166666665135,1387
Iran (Islamic Rep. of),2002.9166666665135,2555
Syrian Arab Republic,2002.9999999998436,0
Afghanistan,2002.9999999998436,2451
Iraq,2002.9999999998436,7666
Lebanon,2002.9999999998436,424
Palestinian,2002.9999999998436,233
Pakistan,2002.9999999998436,1346
Iran (Islamic Rep. of),2002.9999999998436,2216
Syrian Arab Republic,2003.0833333331736,0
Afghanistan,2003.0833333331736,2084
Iraq,2003.0833333331736,6986
Lebanon,2003.0833333331736,325
Palestinian,2003.0833333331736,152
Pakistan,2003.0833333331736,1043
Iran (Islamic Rep. of),2003.0833333331736,2150
Syrian Arab Republic,2003.1666666665037,0
Afghanistan,2003.1666666665037,2258
Iraq,2003.1666666665037,6483
Lebanon,2003.1666666665037,300
Palestinian,2003.1666666665037,135
Pakistan,2003.1666666665037,1019
Iran (Islamic Rep. of),2003.1666666665037,2293
Syrian Arab Republic,2003.2499999998338,0
Afghanistan,2003.2499999998338,2496
Iraq,2003.2499999998338,4976
Lebanon,2003.2499999998338,288
Palestinian,2003.2499999998338,148
Pakistan,2003.2499999998338,1110
Iran (Islamic Rep. of),2003.2499999998338,2195
Syrian Arab Republic,2003.3333333331639,0
Afghanistan,2003.3333333331639,2479
Iraq,2003.3333333331639,3521
Lebanon,2003.3333333331639,281
Palestinian,2003.3333333331639,216
Pakistan,2003.3333333331639,1171
Iran (Islamic Rep. of),2003.3333333331639,2167
Syrian Arab Republic,2003.416666666494,0
Afghanistan,2003.416666666494,2520
Iraq,2003.416666666494,2804
Lebanon,2003.416666666494,333
Palestinian,2003.416666666494,219
Pakistan,2003.416666666494,1239
Iran (Islamic Rep. of),2003.416666666494,2367
Syrian Arab Republic,2003.499999999824,0
Afghanistan,2003.499999999824,2449
Iraq,2003.499999999824,2484
Lebanon,2003.499999999824,335
Palestinian,2003.499999999824,181
Pakistan,2003.499999999824,1298
Iran (Islamic Rep. of),2003.499999999824,2674
Syrian Arab Republic,2003.583333333154,0
Afghanistan,2003.583333333154,2419
Iraq,2003.583333333154,2841
Lebanon,2003.583333333154,307
Palestinian,2003.583333333154,255
Pakistan,2003.583333333154,1485
Iran (Islamic Rep. of),2003.583333333154,3037
Syrian Arab Republic,2003.6666666664842,0
Afghanistan,2003.6666666664842,2460
Iraq,2003.6666666664842,2947
Lebanon,2003.6666666664842,350
Palestinian,2003.6666666664842,299
Pakistan,2003.6666666664842,1723
Iran (Islamic Rep. of),2003.6666666664842,3196
Syrian Arab Republic,2003.7499999998142,0
Afghanistan,2003.7499999998142,2167
Iraq,2003.7499999998142,2265
Lebanon,2003.7499999998142,333
Palestinian,2003.7499999998142,256
Pakistan,2003.7499999998142,1687
Iran (Islamic Rep. of),2003.7499999998142,2960
Syrian Arab Republic,2003.8333333331443,0
Afghanistan,2003.8333333331443,1995
Iraq,2003.8333333331443,1901
Lebanon,2003.8333333331443,339
Palestinian,2003.8333333331443,286
Pakistan,2003.8333333331443,1697
Iran (Islamic Rep. of),2003.8333333331443,2870
Syrian Arab Republic,2003.9166666664744,0
Afghanistan,2003.9166666664744,1816
Iraq,2003.9166666664744,1603
Lebanon,2003.9166666664744,357
Palestinian,2003.9166666664744,282
Pakistan,2003.9166666664744,1557
Iran (Islamic Rep. of),2003.9166666664744,2350
Syrian Arab Republic,2003.9999999998045,0
Afghanistan,2003.9999999998045,1536
Iraq,2003.9999999998045,1537
Lebanon,2003.9999999998045,283
Palestinian,2003.9999999998045,269
Pakistan,2003.9999999998045,1295
Iran (Islamic Rep. of),2003.9999999998045,1687
Syrian Arab Republic,2004.0833333331345,0
Afghanistan,2004.0833333331345,1530
Iraq,2004.0833333331345,1414
Lebanon,2004.0833333331345,245
Palestinian,2004.0833333331345,258
Pakistan,2004.0833333331345,1573
Iran (Islamic Rep. of),2004.0833333331345,1606
Syrian Arab Republic,2004.1666666664646,0
Afghanistan,2004.1666666664646,1513
Iraq,2004.1666666664646,1377
Lebanon,2004.1666666664646,244
Palestinian,2004.1666666664646,197
Pakistan,2004.1666666664646,1840
Iran (Islamic Rep. of),2004.1666666664646,1694
Syrian Arab Republic,2004.2499999997947,0
Afghanistan,2004.2499999997947,1396
Iraq,2004.2499999997947,1353
Lebanon,2004.2499999997947,196
Palestinian,2004.2499999997947,168
Pakistan,2004.2499999997947,1673
Iran (Islamic Rep. of),2004.2499999997947,1626
Syrian Arab Republic,2004.3333333331248,0
Afghanistan,2004.3333333331248,1385
Iraq,2004.3333333331248,1273
Lebanon,2004.3333333331248,178
Palestinian,2004.3333333331248,197
Pakistan,2004.3333333331248,1766
Iran (Islamic Rep. of),2004.3333333331248,1615
Syrian Arab Republic,2004.4166666664548,0
Afghanistan,2004.4166666664548,1402
Iraq,2004.4166666664548,1846
Lebanon,2004.4166666664548,197
Palestinian,2004.4166666664548,256
Pakistan,2004.4166666664548,1994
Iran (Islamic Rep. of),2004.4166666664548,2001
Syrian Arab Republic,2004.499999999785,0
Afghanistan,2004.499999999785,1327
Iraq,2004.499999999785,2171
Lebanon,2004.499999999785,174
Palestinian,2004.499999999785,207
Pakistan,2004.499999999785,1779
Iran (Islamic Rep. of),2004.499999999785,2172
Syrian Arab Republic,2004.583333333115,0
Afghanistan,2004.583333333115,1433
Iraq,2004.583333333115,2070
Lebanon,2004.583333333115,191
Palestinian,2004.583333333115,198
Pakistan,2004.583333333115,1481
Iran (Islamic Rep. of),2004.583333333115,2047
Syrian Arab Republic,2004.666666666445,0
Afghanistan,2004.666666666445,1438
Iraq,2004.666666666445,1983
Lebanon,2004.666666666445,229
Palestinian,2004.666666666445,203
Pakistan,2004.666666666445,1374
Iran (Islamic Rep. of),2004.666666666445,1983
Syrian Arab Republic,2004.7499999997751,0
Afghanistan,2004.7499999997751,1467
Iraq,2004.7499999997751,1872
Lebanon,2004.7499999997751,240
Palestinian,2004.7499999997751,190
Pakistan,2004.7499999997751,1234
Iran (Islamic Rep. of),2004.7499999997751,2076
Syrian Arab Republic,2004.8333333331052,0
Afghanistan,2004.8333333331052,1720
Iraq,2004.8333333331052,2006
Lebanon,2004.8333333331052,224
Palestinian,2004.8333333331052,244
Pakistan,2004.8333333331052,1320
Iran (Islamic Rep. of),2004.8333333331052,2448
Syrian Arab Republic,2004.9166666664353,0
Afghanistan,2004.9166666664353,1567
Iraq,2004.9166666664353,2034
Lebanon,2004.9166666664353,221
Palestinian,2004.9166666664353,248
Pakistan,2004.9166666664353,1269
Iran (Islamic Rep. of),2004.9166666664353,2217
Syrian Arab Republic,2004.9999999997654,0
Afghanistan,2004.9999999997654,1219
Iraq,2004.9999999997654,1927
Lebanon,2004.9999999997654,247
Palestinian,2004.9999999997654,200
Pakistan,2004.9999999997654,940
Iran (Islamic Rep. of),2004.9999999997654,1641
Syrian Arab Republic,2005.0833333330954,0
Afghanistan,2005.0833333330954,1161
Iraq,2005.0833333330954,1877
Lebanon,2005.0833333330954,230
Palestinian,2005.0833333330954,252
Pakistan,2005.0833333330954,824
Iran (Islamic Rep. of),2005.0833333330954,1429
Syrian Arab Republic,2005.1666666664255,0
Afghanistan,2005.1666666664255,1225
Iraq,2005.1666666664255,1831
Lebanon,2005.1666666664255,236
Palestinian,2005.1666666664255,285
Pakistan,2005.1666666664255,822
Iran (Islamic Rep. of),2005.1666666664255,1421
Syrian Arab Republic,2005.2499999997556,0
Afghanistan,2005.2499999997556,1307
Iraq,2005.2499999997556,1832
Lebanon,2005.2499999997556,239
Palestinian,2005.2499999997556,193
Pakistan,2005.2499999997556,1031
Iran (Islamic Rep. of),2005.2499999997556,1536
Syrian Arab Republic,2005.3333333330856,0
Afghanistan,2005.3333333330856,1377
Iraq,2005.3333333330856,1968
Lebanon,2005.3333333330856,182
Palestinian,2005.3333333330856,147
Pakistan,2005.3333333330856,1460
Iran (Islamic Rep. of),2005.3333333330856,1509
Syrian Arab Republic,2005.4166666664157,0
Afghanistan,2005.4166666664157,1285
Iraq,2005.4166666664157,1985
Lebanon,2005.4166666664157,164
Palestinian,2005.4166666664157,133
Pakistan,2005.4166666664157,1447
Iran (Islamic Rep. of),2005.4166666664157,1437
Syrian Arab Republic,2005.4999999997458,0
Afghanistan,2005.4999999997458,1172
Iraq,2005.4999999997458,1997
Lebanon,2005.4999999997458,216
Palestinian,2005.4999999997458,142
Pakistan,2005.4999999997458,1218
Iran (Islamic Rep. of),2005.4999999997458,1599
Syrian Arab Republic,2005.5833333330759,0
Afghanistan,2005.5833333330759,1266
Iraq,2005.5833333330759,2275
Lebanon,2005.5833333330759,267
Palestinian,2005.5833333330759,161
Pakistan,2005.5833333330759,1137
Iran (Islamic Rep. of),2005.5833333330759,1869
Syrian Arab Republic,2005.666666666406,0
Afghanistan,2005.666666666406,1272
Iraq,2005.666666666406,2493
Lebanon,2005.666666666406,266
Palestinian,2005.666666666406,176
Pakistan,2005.666666666406,1052
Iran (Islamic Rep. of),2005.666666666406,1889
Syrian Arab Republic,2005.749999999736,0
Afghanistan,2005.749999999736,1372
Iraq,2005.749999999736,2526
Lebanon,2005.749999999736,242
Palestinian,2005.749999999736,147
Pakistan,2005.749999999736,1078
Iran (Islamic Rep. of),2005.749999999736,1850
Syrian Arab Republic,2005.833333333066,0
Afghanistan,2005.833333333066,1524
Iraq,2005.833333333066,2706
Lebanon,2005.833333333066,232
Palestinian,2005.833333333066,108
Pakistan,2005.833333333066,1133
Iran (Islamic Rep. of),2005.833333333066,1885
Syrian Arab Republic,2005.9166666663962,0
Afghanistan,2005.9166666663962,1445
Iraq,2005.9166666663962,2867
Lebanon,2005.9166666663962,247
Palestinian,2005.9166666663962,113
Pakistan,2005.9166666663962,1030
Iran (Islamic Rep. of),2005.9166666663962,1703
Syrian Arab Republic,2005.9999999997262,0
Afghanistan,2005.9999999997262,1259
Iraq,2005.9999999997262,2923
Lebanon,2005.9999999997262,228
Palestinian,2005.9999999997262,134
Pakistan,2005.9999999997262,789
Iran (Islamic Rep. of),2005.9999999997262,1508
Syrian Arab Republic,2006.0833333330563,0
Afghanistan,2006.0833333330563,1228
Iraq,2006.0833333330563,3215
Lebanon,2006.0833333330563,207
Palestinian,2006.0833333330563,128
Pakistan,2006.0833333330563,712
Iran (Islamic Rep. of),2006.0833333330563,1510
Syrian Arab Republic,2006.1666666663864,0
Afghanistan,2006.1666666663864,1301
Iraq,2006.1666666663864,2783
Lebanon,2006.1666666663864,179
Palestinian,2006.1666666663864,110
Pakistan,2006.1666666663864,674
Iran (Islamic Rep. of),2006.1666666663864,1504
Syrian Arab Republic,2006.2499999997165,0
Afghanistan,2006.2499999997165,1364
Iraq,2006.2499999997165,2405
Lebanon,2006.2499999997165,159
Palestinian,2006.2499999997165,124
Pakistan,2006.2499999997165,719
Iran (Islamic Rep. of),2006.2499999997165,1484
Syrian Arab Republic,2006.3333333330465,0
Afghanistan,2006.3333333330465,1223
Iraq,2006.3333333330465,2622
Lebanon,2006.3333333330465,158
Palestinian,2006.3333333330465,113
Pakistan,2006.3333333330465,829
Iran (Islamic Rep. of),2006.3333333330465,1475
Syrian Arab Republic,2006.4166666663766,0
Afghanistan,2006.4166666663766,1139
Iraq,2006.4166666663766,2709
Lebanon,2006.4166666663766,311
Palestinian,2006.4166666663766,122
Pakistan,2006.4166666663766,850
Iran (Islamic Rep. of),2006.4166666663766,1510
Syrian Arab Republic,2006.4999999997067,0
Afghanistan,2006.4999999997067,1224
Iraq,2006.4999999997067,3290
Lebanon,2006.4999999997067,635
Palestinian,2006.4999999997067,167
Pakistan,2006.4999999997067,906
Iran (Islamic Rep. of),2006.4999999997067,1634
Syrian Arab Republic,2006.5833333330368,0
Afghanistan,2006.5833333330368,1206
Iraq,2006.5833333330368,4108
Lebanon,2006.5833333330368,713
Palestinian,2006.5833333330368,144
Pakistan,2006.5833333330368,945
Iran (Islamic Rep. of),2006.5833333330368,1755
Syrian Arab Republic,2006.6666666663668,0
Afghanistan,2006.6666666663668,1652
Iraq,2006.6666666663668,4568
Lebanon,2006.6666666663668,540
Palestinian,2006.6666666663668,133
Pakistan,2006.6666666663668,1323
Iran (Islamic Rep. of),2006.6666666663668,2017
Syrian Arab Republic,2006.749999999697,0
Afghanistan,2006.749999999697,1902
Iraq,2006.749999999697,5291
Lebanon,2006.749999999697,419
Palestinian,2006.749999999697,169
Pakistan,2006.749999999697,2018
Iran (Islamic Rep. of),2006.749999999697,2004
Syrian Arab Republic,2006.833333333027,0
Afghanistan,2006.833333333027,1667
Iraq,2006.833333333027,5718
Lebanon,2006.833333333027,420
Palestinian,2006.833333333027,143
Pakistan,2006.833333333027,1870
Iran (Islamic Rep. of),2006.833333333027,1639
Syrian Arab Republic,2006.916666666357,0
Afghanistan,2006.916666666357,1612
Iraq,2006.916666666357,6026
Lebanon,2006.916666666357,437
Palestinian,2006.916666666357,81
Pakistan,2006.916666666357,1667
Iran (Islamic Rep. of),2006.916666666357,1422
Syrian Arab Republic,2006.9999999996871,0
Afghanistan,2006.9999999996871,1414
Iraq,2006.9999999996871,6558
Lebanon,2006.9999999996871,414
Palestinian,2006.9999999996871,76
Pakistan,2006.9999999996871,2222
Iran (Islamic Rep. of),2006.9999999996871,1274
Syrian Arab Republic,2007.0833333330172,0
Afghanistan,2007.0833333330172,1344
Iraq,2007.0833333330172,7132
Lebanon,2007.0833333330172,360
Palestinian,2007.0833333330172,128
Pakistan,2007.0833333330172,2803
Iran (Islamic Rep. of),2007.0833333330172,1145
Syrian Arab Republic,2007.1666666663473,0
Afghanistan,2007.1666666663473,1477
Iraq,2007.1666666663473,7583
Lebanon,2007.1666666663473,276
Palestinian,2007.1666666663473,277
Pakistan,2007.1666666663473,2656
Iran (Islamic Rep. of),2007.1666666663473,1067
Syrian Arab Republic,2007.2499999996774,0
Afghanistan,2007.2499999996774,1473
Iraq,2007.2499999996774,7032
Lebanon,2007.2499999996774,263
Palestinian,2007.2499999996774,229
Pakistan,2007.2499999996774,1992
Iran (Islamic Rep. of),2007.2499999996774,1117
Syrian Arab Republic,2007.3333333330074,0
Afghanistan,2007.3333333330074,1434
Iraq,2007.3333333330074,6618
Lebanon,2007.3333333330074,277
Palestinian,2007.3333333330074,66
Pakistan,2007.3333333330074,2027
Iran (Islamic Rep. of),2007.3333333330074,1133
Syrian Arab Republic,2007.4166666663375,0
Afghanistan,2007.4166666663375,1304
Iraq,2007.4166666663375,6720
Lebanon,2007.4166666663375,266
Palestinian,2007.4166666663375,108
Pakistan,2007.4166666663375,2361
Iran (Islamic Rep. of),2007.4166666663375,1173
Syrian Arab Republic,2007.4999999996676,0
Afghanistan,2007.4999999996676,1269
Iraq,2007.4999999996676,7409
Lebanon,2007.4999999996676,289
Palestinian,2007.4999999996676,203
Pakistan,2007.4999999996676,2321
Iran (Islamic Rep. of),2007.4999999996676,1294
Syrian Arab Republic,2007.5833333329977,0
Afghanistan,2007.5833333329977,1457
Iraq,2007.5833333329977,7976
Lebanon,2007.5833333329977,281
Palestinian,2007.5833333329977,250
Pakistan,2007.5833333329977,2491
Iran (Islamic Rep. of),2007.5833333329977,1434
Syrian Arab Republic,2007.6666666663277,0
Afghanistan,2007.6666666663277,1641
Iraq,2007.6666666663277,8174
Lebanon,2007.6666666663277,261
Palestinian,2007.6666666663277,341
Pakistan,2007.6666666663277,2365
Iran (Islamic Rep. of),2007.6666666663277,1661
Syrian Arab Republic,2007.7499999996578,0
Afghanistan,2007.7499999996578,1689
Iraq,2007.7499999996578,8014
Lebanon,2007.7499999996578,254
Palestinian,2007.7499999996578,406
Pakistan,2007.7499999996578,1976
Iran (Islamic Rep. of),2007.7499999996578,1682
Syrian Arab Republic,2007.8333333329879,0
Afghanistan,2007.8333333329879,1650
Iraq,2007.8333333329879,7171
Lebanon,2007.8333333329879,236
Palestinian,2007.8333333329879,534
Pakistan,2007.8333333329879,1721
Iran (Islamic Rep. of),2007.8333333329879,1478
Syrian Arab Republic,2007.916666666318,0
Afghanistan,2007.916666666318,1994
Iraq,2007.916666666318,7693
Lebanon,2007.916666666318,355
Palestinian,2007.916666666318,413
Pakistan,2007.916666666318,1674
Iran (Islamic Rep. of),2007.916666666318,1517
Syrian Arab Republic,2007.999999999648,0
Afghanistan,2007.999999999648,2258
Iraq,2007.999999999648,7717
Lebanon,2007.999999999648,388
Palestinian,2007.999999999648,163
Pakistan,2007.999999999648,1983
Iran (Islamic Rep. of),2007.999999999648,1528
Syrian Arab Republic,2008.083333332978,0
Afghanistan,2008.083333332978,1967
Iraq,2008.083333332978,5996
Lebanon,2008.083333332978,272
Palestinian,2008.083333332978,159
Pakistan,2008.083333332978,2010
Iran (Islamic Rep. of),2008.083333332978,1330
Syrian Arab Republic,2008.1666666663082,0
Afghanistan,2008.1666666663082,1951
Iraq,2008.1666666663082,5296
Lebanon,2008.1666666663082,235
Palestinian,2008.1666666663082,116
Pakistan,2008.1666666663082,1986
Iran (Islamic Rep. of),2008.1666666663082,1338
Syrian Arab Republic,2008.2499999996382,0
Afghanistan,2008.2499999996382,2063
Iraq,2008.2499999996382,5562
Lebanon,2008.2499999996382,223
Palestinian,2008.2499999996382,82
Pakistan,2008.2499999996382,1981
Iran (Islamic Rep. of),2008.2499999996382,1360
Syrian Arab Republic,2008.3333333329683,0
Afghanistan,2008.3333333329683,2178
Iraq,2008.3333333329683,5773
Lebanon,2008.3333333329683,204
Palestinian,2008.3333333329683,72
Pakistan,2008.3333333329683,1931
Iran (Islamic Rep. of),2008.3333333329683,1355
Syrian Arab Republic,2008.4166666662984,0
Afghanistan,2008.4166666662984,2745
Iraq,2008.4166666662984,5980
Lebanon,2008.4166666662984,187
Palestinian,2008.4166666662984,122
Pakistan,2008.4166666662984,1972
Iran (Islamic Rep. of),2008.4166666662984,1486
Syrian Arab Republic,2008.4999999996285,0
Afghanistan,2008.4999999996285,3402
Iraq,2008.4999999996285,6420
Lebanon,2008.4999999996285,180
Palestinian,2008.4999999996285,153
Pakistan,2008.4999999996285,1797
Iran (Islamic Rep. of),2008.4999999996285,1672
Syrian Arab Republic,2008.5833333329585,0
Afghanistan,2008.5833333329585,3967
Iraq,2008.5833333329585,7052
Lebanon,2008.5833333329585,154
Palestinian,2008.5833333329585,143
Pakistan,2008.5833333329585,2028
Iran (Islamic Rep. of),2008.5833333329585,1922
Syrian Arab Republic,2008.6666666662886,0
Afghanistan,2008.6666666662886,4277
Iraq,2008.6666666662886,7702
Lebanon,2008.6666666662886,179
Palestinian,2008.6666666662886,168
Pakistan,2008.6666666662886,2472
Iran (Islamic Rep. of),2008.6666666662886,2076
Syrian Arab Republic,2008.7499999996187,0
Afghanistan,2008.7499999996187,4066
Iraq,2008.7499999996187,7302
Lebanon,2008.7499999996187,199
Palestinian,2008.7499999996187,217
Pakistan,2008.7499999996187,2195
Iran (Islamic Rep. of),2008.7499999996187,2048
Syrian Arab Republic,2008.8333333329488,0
Afghanistan,2008.8333333329488,3805
Iraq,2008.8333333329488,6002
Lebanon,2008.8333333329488,232
Palestinian,2008.8333333329488,298
Pakistan,2008.8333333329488,1944
Iran (Islamic Rep. of),2008.8333333329488,1918
Syrian Arab Republic,2008.9166666662788,0
Afghanistan,2008.9166666662788,3928
Iraq,2008.9166666662788,5592
Lebanon,2008.9166666662788,262
Palestinian,2008.9166666662788,333
Pakistan,2008.9166666662788,1808
Iran (Islamic Rep. of),2008.9166666662788,1777
Syrian Arab Republic,2008.999999999609,0
Afghanistan,2008.999999999609,3882
Iraq,2008.999999999609,5181
Lebanon,2008.999999999609,213
Palestinian,2008.999999999609,265
Pakistan,2008.999999999609,1750
Iran (Islamic Rep. of),2008.999999999609,1543
Syrian Arab Republic,2009.083333332939,0
Afghanistan,2009.083333332939,3705
Iraq,2009.083333332939,4648
Lebanon,2009.083333332939,181
Palestinian,2009.083333332939,195
Pakistan,2009.083333332939,1910
Iran (Islamic Rep. of),2009.083333332939,1336
Syrian Arab Republic,2009.166666666269,0
Afghanistan,2009.166666666269,3529
Iraq,2009.166666666269,4299
Lebanon,2009.166666666269,172
Palestinian,2009.166666666269,121
Pakistan,2009.166666666269,1917
Iran (Islamic Rep. of),2009.166666666269,1295
Syrian Arab Republic,2009.2499999995991,0
Afghanistan,2009.2499999995991,3712
Iraq,2009.2499999995991,3547
Lebanon,2009.2499999995991,157
Palestinian,2009.2499999995991,122
Pakistan,2009.2499999995991,1857
Iran (Islamic Rep. of),2009.2499999995991,1162
Syrian Arab Republic,2009.3333333329292,0
Afghanistan,2009.3333333329292,4065
Iraq,2009.3333333329292,3266
Lebanon,2009.3333333329292,148
Palestinian,2009.3333333329292,144
Pakistan,2009.3333333329292,1915
Iran (Islamic Rep. of),2009.3333333329292,1139
Syrian Arab Republic,2009.4166666662593,0
Afghanistan,2009.4166666662593,4134
Iraq,2009.4166666662593,3530
Lebanon,2009.4166666662593,155
Palestinian,2009.4166666662593,124
Pakistan,2009.4166666662593,1704
Iran (Islamic Rep. of),2009.4166666662593,1482
Syrian Arab Republic,2009.4999999995894,0
Afghanistan,2009.4999999995894,4335
Iraq,2009.4999999995894,3498
Lebanon,2009.4999999995894,152
Palestinian,2009.4999999995894,127
Pakistan,2009.4999999995894,1295
Iran (Islamic Rep. of),2009.4999999995894,1818
Syrian Arab Republic,2009.5833333329194,0
Afghanistan,2009.5833333329194,4583
Iraq,2009.5833333329194,3509
Lebanon,2009.5833333329194,166
Palestinian,2009.5833333329194,177
Pakistan,2009.5833333329194,1476
Iran (Islamic Rep. of),2009.5833333329194,2098
Syrian Arab Republic,2009.6666666662495,0
Afghanistan,2009.6666666662495,4868
Iraq,2009.6666666662495,3829
Lebanon,2009.6666666662495,184
Palestinian,2009.6666666662495,270
Pakistan,2009.6666666662495,1640
Iran (Islamic Rep. of),2009.6666666662495,2211
Syrian Arab Republic,2009.7499999995796,0
Afghanistan,2009.7499999995796,4865
Iraq,2009.7499999995796,3789
Lebanon,2009.7499999995796,160
Palestinian,2009.7499999995796,355
Pakistan,2009.7499999995796,1465
Iran (Islamic Rep. of),2009.7499999995796,2084
Syrian Arab Republic,2009.8333333329097,0
Afghanistan,2009.8333333329097,4499
Iraq,2009.8333333329097,3186
Lebanon,2009.8333333329097,182
Palestinian,2009.8333333329097,281
Pakistan,2009.8333333329097,1371
Iran (Islamic Rep. of),2009.8333333329097,1952
Syrian Arab Republic,2009.9166666662397,0
Afghanistan,2009.9166666662397,4291
Iraq,2009.9166666662397,3096
Lebanon,2009.9166666662397,213
Palestinian,2009.9166666662397,244
Pakistan,2009.9166666662397,1144
Iran (Islamic Rep. of),2009.9166666662397,1867
Syrian Arab Republic,2009.9999999995698,0
Afghanistan,2009.9999999995698,4057
Iraq,2009.9999999995698,3182
Lebanon,2009.9999999995698,162
Palestinian,2009.9999999995698,242
Pakistan,2009.9999999995698,1034
Iran (Islamic Rep. of),2009.9999999995698,1810
Syrian Arab Republic,2010.0833333328999,0
Afghanistan,2010.0833333328999,3680
Iraq,2010.0833333328999,2818
Lebanon,2010.0833333328999,147
Palestinian,2010.0833333328999,219
Pakistan,2010.0833333328999,1224
Iran (Islamic Rep. of),2010.0833333328999,1806
Syrian Arab Republic,2010.16666666623,0
Afghanistan,2010.16666666623,3366
Iraq,2010.16666666623,2588
Lebanon,2010.16666666623,147
Palestinian,2010.16666666623,236
Pakistan,2010.16666666623,1283
Iran (Islamic Rep. of),2010.16666666623,1742
Syrian Arab Republic,2010.24999999956,0
Afghanistan,2010.24999999956,3042
Iraq,2010.24999999956,2519
Lebanon,2010.24999999956,132
Palestinian,2010.24999999956,231
Pakistan,2010.24999999956,1209
Iran (Islamic Rep. of),2010.24999999956,1611
Syrian Arab Republic,2010.33333333289,0
Afghanistan,2010.33333333289,3185
Iraq,2010.33333333289,2705
Lebanon,2010.33333333289,132
Palestinian,2010.33333333289,297
Pakistan,2010.33333333289,1487
Iran (Islamic Rep. of),2010.33333333289,1728
Syrian Arab Republic,2010.4166666662202,0
Afghanistan,2010.4166666662202,3665
Iraq,2010.4166666662202,2848
Lebanon,2010.4166666662202,114
Palestinian,2010.4166666662202,258
Pakistan,2010.4166666662202,1659
Iran (Islamic Rep. of),2010.4166666662202,1889
Syrian Arab Republic,2010.4999999995503,0
Afghanistan,2010.4999999995503,4083
Iraq,2010.4999999995503,3241
Lebanon,2010.4999999995503,111
Palestinian,2010.4999999995503,217
Pakistan,2010.4999999995503,1530
Iran (Islamic Rep. of),2010.4999999995503,2239
Syrian Arab Republic,2010.5833333328803,0
Afghanistan,2010.5833333328803,4167
Iraq,2010.5833333328803,3616
Lebanon,2010.5833333328803,128
Palestinian,2010.5833333328803,292
Pakistan,2010.5833333328803,1870
Iran (Islamic Rep. of),2010.5833333328803,2670
Syrian Arab Republic,2010.6666666662104,0
Afghanistan,2010.6666666662104,4010
Iraq,2010.6666666662104,3487
Lebanon,2010.6666666662104,154
Palestinian,2010.6666666662104,307
Pakistan,2010.6666666662104,2156
Iran (Islamic Rep. of),2010.6666666662104,2783
Syrian Arab Republic,2010.7499999995405,0
Afghanistan,2010.7499999995405,4004
Iraq,2010.7499999995405,3531
Lebanon,2010.7499999995405,175
Palestinian,2010.7499999995405,276
Pakistan,2010.7499999995405,2032
Iran (Islamic Rep. of),2010.7499999995405,2626
Syrian Arab Republic,2010.8333333328706,0
Afghanistan,2010.8333333328706,4172
Iraq,2010.8333333328706,3896
Lebanon,2010.8333333328706,146
Palestinian,2010.8333333328706,255
Pakistan,2010.8333333328706,1724
Iran (Islamic Rep. of),2010.8333333328706,2599
Syrian Arab Republic,2010.9166666662006,0
Afghanistan,2010.9166666662006,4290
Iraq,2010.9166666662006,3849
Lebanon,2010.9166666662006,144
Palestinian,2010.9166666662006,266
Pakistan,2010.9166666662006,1645
Iran (Islamic Rep. of),2010.9166666662006,2498
Syrian Arab Republic,2010.9999999995307,0
Afghanistan,2010.9999999995307,4289
Iraq,2010.9999999995307,3498
Lebanon,2010.9999999995307,166
Palestinian,2010.9999999995307,283
Pakistan,2010.9999999995307,1954
Iran (Islamic Rep. of),2010.9999999995307,2178
Syrian Arab Republic,2011.0833333328608,0
Afghanistan,2011.0833333328608,4746
Iraq,2011.0833333328608,3369
Lebanon,2011.0833333328608,138
Palestinian,2011.0833333328608,234
Pakistan,2011.0833333328608,2218
Iran (Islamic Rep. of),2011.0833333328608,2127
Syrian Arab Republic,2011.1666666661908,0
Afghanistan,2011.1666666661908,4907
Iraq,2011.1666666661908,3104
Lebanon,2011.1666666661908,122
Palestinian,2011.1666666661908,191
Pakistan,2011.1666666661908,2164
Iran (Islamic Rep. of),2011.1666666661908,2048
Syrian Arab Republic,2011.249999999521,0
Afghanistan,2011.249999999521,5039
Iraq,2011.249999999521,2897
Lebanon,2011.249999999521,150
Palestinian,2011.249999999521,152
Pakistan,2011.249999999521,2318
Iran (Islamic Rep. of),2011.249999999521,1929
Syrian Arab Republic,2011.333333332851,0
Afghanistan,2011.333333332851,5778
Iraq,2011.333333332851,3059
Lebanon,2011.333333332851,150
Palestinian,2011.333333332851,145
Pakistan,2011.333333332851,2739
Iran (Islamic Rep. of),2011.333333332851,2025
Syrian Arab Republic,2011.416666666181,0
Afghanistan,2011.416666666181,6083
Iraq,2011.416666666181,3358
Lebanon,2011.416666666181,141
Palestinian,2011.416666666181,181
Pakistan,2011.416666666181,2923
Iran (Islamic Rep. of),2011.416666666181,2210
Syrian Arab Republic,2011.4999999995111,0
Afghanistan,2011.4999999995111,6573
Iraq,2011.4999999995111,3778
Lebanon,2011.4999999995111,169
Palestinian,2011.4999999995111,175
Pakistan,2011.4999999995111,3140
Iran (Islamic Rep. of),2011.4999999995111,2413
Syrian Arab Republic,2011.5833333328412,0
Afghanistan,2011.5833333328412,7117
Iraq,2011.5833333328412,3854
Lebanon,2011.5833333328412,187
Palestinian,2011.5833333328412,153
Pakistan,2011.5833333328412,3393
Iran (Islamic Rep. of),2011.5833333328412,2713
Syrian Arab Republic,2011.6666666661713,0
Afghanistan,2011.6666666661713,6930
Iraq,2011.6666666661713,3548
Lebanon,2011.6666666661713,180
Palestinian,2011.6666666661713,162
Pakistan,2011.6666666661713,3379
Iran (Islamic Rep. of),2011.6666666661713,2934
Syrian Arab Republic,2011.7499999995014,0
Afghanistan,2011.7499999995014,6127
Iraq,2011.7499999995014,3573
Lebanon,2011.7499999995014,163
Palestinian,2011.7499999995014,196
Pakistan,2011.7499999995014,3378
Iran (Islamic Rep. of),2011.7499999995014,2879
Syrian Arab Republic,2011.8333333328314,0
Afghanistan,2011.8333333328314,5469
Iraq,2011.8333333328314,5601
Lebanon,2011.8333333328314,136
Palestinian,2011.8333333328314,276
Pakistan,2011.8333333328314,3323
Iran (Islamic Rep. of),2011.8333333328314,3456
Syrian Arab Republic,2011.9166666661615,0
Afghanistan,2011.9166666661615,5422
Iraq,2011.9166666661615,5120
Lebanon,2011.9166666661615,152
Palestinian,2011.9166666661615,241
Pakistan,2011.9166666661615,2944
Iran (Islamic Rep. of),2011.9166666661615,3322
Syrian Arab Republic,2011.9999999994916,0
Afghanistan,2011.9999999994916,4892
Iraq,2011.9999999994916,2892
Lebanon,2011.9999999994916,182
Palestinian,2011.9999999994916,118
Pakistan,2011.9999999994916,2732
Iran (Islamic Rep. of),2011.9999999994916,2344
Syrian Arab Republic,2012.0833333328217,0
Afghanistan,2012.0833333328217,4856
Iraq,2012.0833333328217,3048
Lebanon,2012.0833333328217,146
Palestinian,2012.0833333328217,121
Pakistan,2012.0833333328217,2754
Iran (Islamic Rep. of),2012.0833333328217,2345
Syrian Arab Republic,2012.1666666661517,0
Afghanistan,2012.1666666661517,5167
Iraq,2012.1666666661517,2728
Lebanon,2012.1666666661517,151
Palestinian,2012.1666666661517,185
Pakistan,2012.1666666661517,2850
Iran (Islamic Rep. of),2012.1666666661517,2594
Syrian Arab Republic,2012.2499999994818,0
Afghanistan,2012.2499999994818,5270
Iraq,2012.2499999994818,2806
Lebanon,2012.2499999994818,177
Palestinian,2012.2499999994818,215
Pakistan,2012.2499999994818,2923
Iran (Islamic Rep. of),2012.2499999994818,2577
Syrian Arab Republic,2012.333333332812,0
Afghanistan,2012.333333332812,5841
Iraq,2012.333333332812,3413
Lebanon,2012.333333332812,158
Palestinian,2012.333333332812,232
Pakistan,2012.333333332812,3047
Iran (Islamic Rep. of),2012.333333332812,2486
Syrian Arab Republic,2012.416666666142,0
Afghanistan,2012.416666666142,6505
Iraq,2012.416666666142,3521
Lebanon,2012.416666666142,205
Palestinian,2012.416666666142,201
Pakistan,2012.416666666142,3300
Iran (Islamic Rep. of),2012.416666666142,2575
Syrian Arab Republic,2012.499999999472,0
Afghanistan,2012.499999999472,7454
Iraq,2012.499999999472,3406
Lebanon,2012.499999999472,272
Palestinian,2012.499999999472,135
Pakistan,2012.499999999472,3630
Iran (Islamic Rep. of),2012.499999999472,2841
Syrian Arab Republic,2012.583333332802,0
Afghanistan,2012.583333332802,9878
Iraq,2012.583333332802,3142
Lebanon,2012.583333332802,263
Palestinian,2012.583333332802,161
Pakistan,2012.583333332802,3851
Iran (Islamic Rep. of),2012.583333332802,3158
Syrian Arab Republic,2012.6666666661322,0
Afghanistan,2012.6666666661322,11991
Iraq,2012.6666666661322,3429
Lebanon,2012.6666666661322,276
Palestinian,2012.6666666661322,185
Pakistan,2012.6666666661322,4146
Iran (Islamic Rep. of),2012.6666666661322,3357
Syrian Arab Republic,2012.7499999994623,0
Afghanistan,2012.7499999994623,10955
Iraq,2012.7499999994623,3871
Lebanon,2012.7499999994623,267
Palestinian,2012.7499999994623,179
Pakistan,2012.7499999994623,4367
Iran (Islamic Rep. of),2012.7499999994623,3354
Syrian Arab Republic,2012.8333333327923,0
Afghanistan,2012.8333333327923,8527
Iraq,2012.8333333327923,3595
Lebanon,2012.8333333327923,231
Palestinian,2012.8333333327923,165
Pakistan,2012.8333333327923,3737
Iran (Islamic Rep. of),2012.8333333327923,3331
Syrian Arab Republic,2012.9166666661224,0
Afghanistan,2012.9166666661224,6699
Iraq,2012.9166666661224,3493
Lebanon,2012.9166666661224,244
Palestinian,2012.9166666661224,176
Pakistan,2012.9166666661224,3064
Iran (Islamic Rep. of),2012.9166666661224,3237
Syrian Arab Republic,2012.9999999994525,0
Afghanistan,2012.9999999994525,5528
Iraq,2012.9999999994525,3959
Lebanon,2012.9999999994525,237
Palestinian,2012.9999999994525,219
Pakistan,2012.9999999994525,2904
Iran (Islamic Rep. of),2012.9999999994525,2833
Syrian Arab Republic,2013.0833333327826,0
Afghanistan,2013.0833333327826,4927
Iraq,2013.0833333327826,4248
Lebanon,2013.0833333327826,185
Palestinian,2013.0833333327826,278
Pakistan,2013.0833333327826,2922
Iran (Islamic Rep. of),2013.0833333327826,2577
Syrian Arab Republic,2013.1666666661126,0
Afghanistan,2013.1666666661126,5100
Iraq,2013.1666666661126,4386
Lebanon,2013.1666666661126,175
Palestinian,2013.1666666661126,292
Pakistan,2013.1666666661126,3593
Iran (Islamic Rep. of),2013.1666666661126,3020
Syrian Arab Republic,2013.2499999994427,0
Afghanistan,2013.2499999994427,5198
Iraq,2013.2499999994427,4514
Lebanon,2013.2499999994427,198
Palestinian,2013.2499999994427,256
Pakistan,2013.2499999994427,4053
Iran (Islamic Rep. of),2013.2499999994427,3296
Syrian Arab Republic,2013.3333333327728,0
Afghanistan,2013.3333333327728,5759
Iraq,2013.3333333327728,4560
Lebanon,2013.3333333327728,187
Palestinian,2013.3333333327728,285
Pakistan,2013.3333333327728,4279
Iran (Islamic Rep. of),2013.3333333327728,3151
Syrian Arab Republic,2013.4166666661029,0
Afghanistan,2013.4166666661029,6240
Iraq,2013.4166666661029,5265
Lebanon,2013.4166666661029,219
Palestinian,2013.4166666661029,368
Pakistan,2013.4166666661029,4911
Iran (Islamic Rep. of),2013.4166666661029,3188
Syrian Arab Republic,2013.499999999433,0
Afghanistan,2013.499999999433,5721
Iraq,2013.499999999433,5797
Lebanon,2013.499999999433,242
Palestinian,2013.499999999433,337
Pakistan,2013.499999999433,4709
Iran (Islamic Rep. of),2013.499999999433,3022
Syrian Arab Republic,2013.583333332763,0
Afghanistan,2013.583333332763,6109
Iraq,2013.583333332763,7165
Lebanon,2013.583333332763,288
Palestinian,2013.583333332763,282
Pakistan,2013.583333332763,3988
Iran (Islamic Rep. of),2013.583333332763,2785
Syrian Arab Republic,2013.666666666093,0
Afghanistan,2013.666666666093,6591
Iraq,2013.666666666093,8168
Lebanon,2013.666666666093,379
Palestinian,2013.666666666093,350
Pakistan,2013.666666666093,3674
Iran (Islamic Rep. of),2013.666666666093,3189
Syrian Arab Republic,2013.7499999994232,0
Afghanistan,2013.7499999994232,6344
Iraq,2013.7499999994232,8303
Lebanon,2013.7499999994232,347
Palestinian,2013.7499999994232,326
Pakistan,2013.7499999994232,3427
Iran (Islamic Rep. of),2013.7499999994232,3347
Syrian Arab Republic,2013.8333333327532,0
Afghanistan,2013.8333333327532,6437
Iraq,2013.8333333327532,8895
Lebanon,2013.8333333327532,235
Palestinian,2013.8333333327532,218
Pakistan,2013.8333333327532,3263
Iran (Islamic Rep. of),2013.8333333327532,2833
Syrian Arab Republic,2013.9166666660833,0
Afghanistan,2013.9166666660833,6927
Iraq,2013.9166666660833,7388
Lebanon,2013.9166666660833,302
Palestinian,2013.9166666660833,221
Pakistan,2013.9166666660833,3381
Iran (Islamic Rep. of),2013.9166666660833,2551
Syrian Arab Republic,2013.9999999994134,0
Afghanistan,2013.9999999994134,6379
Iraq,2013.9999999994134,6078
Lebanon,2013.9999999994134,342
Palestinian,2013.9999999994134,278
Pakistan,2013.9999999994134,3448
Iran (Islamic Rep. of),2013.9999999994134,2224
Syrian Arab Republic,2014.0833333327435,0
Afghanistan,2014.0833333327435,5369
Iraq,2014.0833333327435,6017
Lebanon,2014.0833333327435,246
Palestinian,2014.0833333327435,266
Pakistan,2014.0833333327435,3589
Iran (Islamic Rep. of),2014.0833333327435,2031
Syrian Arab Republic,2014.1666666660735,0
Afghanistan,2014.1666666660735,5151
Iraq,2014.1666666660735,6147
Lebanon,2014.1666666660735,248
Palestinian,2014.1666666660735,258
Pakistan,2014.1666666660735,3554
Iran (Islamic Rep. of),2014.1666666660735,2337
Syrian Arab Republic,2014.2499999994036,0
Afghanistan,2014.2499999994036,5590
Iraq,2014.2499999994036,5957
Lebanon,2014.2499999994036,225
Palestinian,2014.2499999994036,241
Pakistan,2014.2499999994036,3323
Iran (Islamic Rep. of),2014.2499999994036,2583
Syrian Arab Republic,2014.3333333327337,0
Afghanistan,2014.3333333327337,7683
Iraq,2014.3333333327337,8568
Lebanon,2014.3333333327337,216
Palestinian,2014.3333333327337,284
Pakistan,2014.3333333327337,3395
Iran (Islamic Rep. of),2014.3333333327337,2619
Syrian Arab Republic,2014.4166666660637,0
Afghanistan,2014.4166666660637,9464
Iraq,2014.4166666660637,14234
Lebanon,2014.4166666660637,268
Palestinian,2014.4166666660637,397
Pakistan,2014.4166666660637,3760
Iran (Islamic Rep. of),2014.4166666660637,2885
Syrian Arab Republic,2014.4999999993938,0
Afghanistan,2014.4999999993938,10509
Iraq,2014.4999999993938,15526
Lebanon,2014.4999999993938,266
Palestinian,2014.4999999993938,434
Pakistan,2014.4999999993938,4053
Iran (Islamic Rep. of),2014.4999999993938,3183
Syrian Arab Republic,2014.583333332724,0
Afghanistan,2014.583333332724,13106
Iraq,2014.583333332724,15242
Lebanon,2014.583333332724,264
Palestinian,2014.583333332724,514
Pakistan,2014.583333332724,4237
Iran (Islamic Rep. of),2014.583333332724,3668
Syrian Arab Republic,2014.666666666054,0
Afghanistan,2014.666666666054,14546
Iraq,2014.666666666054,15211
Lebanon,2014.666666666054,324
Palestinian,2014.666666666054,737
Pakistan,2014.666666666054,4607
Iran (Islamic Rep. of),2014.666666666054,4196
Syrian Arab Republic,2014.749999999384,0
Afghanistan,2014.749999999384,13052
Iraq,2014.749999999384,14358
Lebanon,2014.749999999384,300
Palestinian,2014.749999999384,743
Pakistan,2014.749999999384,4514
Iran (Islamic Rep. of),2014.749999999384,3929
Syrian Arab Republic,2014.8333333327141,0
Afghanistan,2014.8333333327141,14082
Iraq,2014.8333333327141,14631
Lebanon,2014.8333333327141,239
Palestinian,2014.8333333327141,507
Pakistan,2014.8333333327141,4132
Iran (Islamic Rep. of),2014.8333333327141,3723
Syrian Arab Republic,2014.9166666660442,0
Afghanistan,2014.9166666660442,13594
Iraq,2014.9166666660442,14211
Lebanon,2014.9166666660442,247
Palestinian,2014.9166666660442,393
Pakistan,2014.9166666660442,3828
Iran (Islamic Rep. of),2014.9166666660442,3429
Syrian Arab Republic,2014.9999999993743,0
Afghanistan,2014.9999999993743,10703
Iraq,2014.9999999993743,13516
Lebanon,2014.9999999993743,260
Palestinian,2014.9999999993743,391
Pakistan,2014.9999999993743,3587
Iran (Islamic Rep. of),2014.9999999993743,2873
Syrian Arab Republic,2015.0833333327043,0
Afghanistan,2015.0833333327043,10986
Iraq,2015.0833333327043,14075
Lebanon,2015.0833333327043,254
Palestinian,2015.0833333327043,493
Pakistan,2015.0833333327043,3749
Iran (Islamic Rep. of),2015.0833333327043,2969
Syrian Arab Republic,2015.1666666660344,0
Afghanistan,2015.1666666660344,13437
Iraq,2015.1666666660344,15196
Lebanon,2015.1666666660344,253
Palestinian,2015.1666666660344,598
Pakistan,2015.1666666660344,4311
Iran (Islamic Rep. of),2015.1666666660344,3273
Syrian Arab Republic,2015.2499999993645,0
Afghanistan,2015.2499999993645,19881
Iraq,2015.2499999993645,15923
Lebanon,2015.2499999993645,229
Palestinian,2015.2499999993645,641
Pakistan,2015.2499999993645,5099
Iran (Islamic Rep. of),2015.2499999993645,3307
Syrian Arab Republic,2015.3333333326946,0
Afghanistan,2015.3333333326946,30254
Iraq,2015.3333333326946,19933
Lebanon,2015.3333333326946,235
Palestinian,2015.3333333326946,766
Pakistan,2015.3333333326946,6852
Iran (Islamic Rep. of),2015.3333333326946,3738
Syrian Arab Republic,2015.4166666660246,0
Afghanistan,2015.4166666660246,42304
Iraq,2015.4166666660246,26892
Lebanon,2015.4166666660246,247
Palestinian,2015.4166666660246,873
Pakistan,2015.4166666660246,10802
Iran (Islamic Rep. of),2015.4166666660246,4625
Syrian Arab Republic,2015.4999999993547,0
Afghanistan,2015.4999999993547,51947
Iraq,2015.4999999993547,32144
Lebanon,2015.4999999993547,222
Palestinian,2015.4999999993547,767
Pakistan,2015.4999999993547,16168
Iran (Islamic Rep. of),2015.4999999993547,5319
Syrian Arab Republic,2015.5833333326848,0
Afghanistan,2015.5833333326848,60349
Iraq,2015.5833333326848,49810
Lebanon,2015.5833333326848,346
Palestinian,2015.5833333326848,718
Pakistan,2015.5833333326848,14821
Iran (Islamic Rep. of),2015.5833333326848,6489
Syrian Arab Republic,2015.6666666660149,0
Afghanistan,2015.6666666660149,78876
Iraq,2015.6666666660149,64852
Lebanon,2015.6666666660149,671
Palestinian,2015.6666666660149,725
Pakistan,2015.6666666660149,9434
Iran (Islamic Rep. of),2015.6666666660149,9915
Syrian Arab Republic,2015.749999999345,0
Afghanistan,2015.749999999345,91575
Iraq,2015.749999999345,55430
Lebanon,2015.749999999345,1209
Palestinian,2015.749999999345,631
Pakistan,2015.749999999345,8310
Iran (Islamic Rep. of),2015.749999999345,14244
Syrian Arab Republic,2015.833333332675,0
Afghanistan,2015.833333332675,71877
Iraq,2015.833333332675,37978
Lebanon,2015.833333332675,1231
Palestinian,2015.833333332675,546
Pakistan,2015.833333332675,7365
Iran (Islamic Rep. of),2015.833333332675,13282
Syrian Arab Republic,2015.916666666005,0
Afghanistan,2015.916666666005,43939
Iraq,2015.916666666005,28210
Lebanon,2015.916666666005,931
Palestinian,2015.916666666005,411
Pakistan,2015.916666666005,6650
Iran (Islamic Rep. of),2015.916666666005,9281
Syrian Arab Republic,2015.9999999993352,0
Afghanistan,2015.9999999993352,34783
Iraq,2015.9999999993352,30161
Lebanon,2015.9999999993352,852
Palestinian,2015.9999999993352,328
Pakistan,2015.9999999993352,7569
Iran (Islamic Rep. of),2015.9999999993352,8086
Syrian Arab Republic,2016.0833333326652,0
Afghanistan,2016.0833333326652,36801
Iraq,2016.0833333326652,31321
Lebanon,2016.0833333326652,771
Palestinian,2016.0833333326652,353
Pakistan,2016.0833333326652,8409
Iran (Islamic Rep. of),2016.0833333326652,8631
Syrian Arab Republic,2016.1666666659953,0
Afghanistan,2016.1666666659953,39137
Iraq,2016.1666666659953,29418
Lebanon,2016.1666666659953,850
Palestinian,2016.1666666659953,419
Pakistan,2016.1666666659953,8616
Iran (Islamic Rep. of),2016.1666666659953,8693
Syrian Arab Republic,2016.2499999993254,0
Afghanistan,2016.2499999993254,39290
Iraq,2016.2499999993254,27311
Lebanon,2016.2499999993254,919
Palestinian,2016.2499999993254,462
Pakistan,2016.2499999993254,8451
Iran (Islamic Rep. of),2016.2499999993254,8208
Syrian Arab Republic,2016.3333333326555,0
Afghanistan,2016.3333333326555,43903
Iraq,2016.3333333326555,26782
Lebanon,2016.3333333326555,1076
Palestinian,2016.3333333326555,377
Pakistan,2016.3333333326555,8799
Iran (Islamic Rep. of),2016.3333333326555,8857
Syrian Arab Republic,2016.4166666659855,0
Afghanistan,2016.4166666659855,47321
Iraq,2016.4166666659855,27053
Lebanon,2016.4166666659855,1277
Palestinian,2016.4166666659855,240
Pakistan,2016.4166666659855,8320
Iran (Islamic Rep. of),2016.4166666659855,10096
Syrian Arab Republic,2016.4999999993156,0
Afghanistan,2016.4999999993156,50724
Iraq,2016.4999999993156,29522
Lebanon,2016.4999999993156,1633
Palestinian,2016.4999999993156,193
Pakistan,2016.4999999993156,8792
Iran (Islamic Rep. of),2016.4999999993156,11292
Syrian Arab Republic,2016.5833333326457,0
Afghanistan,2016.5833333326457,48821
Iraq,2016.5833333326457,30864
Lebanon,2016.5833333326457,1838
Palestinian,2016.5833333326457,250
Pakistan,2016.5833333326457,9094
Iran (Islamic Rep. of),2016.5833333326457,11454
Syrian Arab Republic,2016.6666666659758,0
Afghanistan,2016.6666666659758,33643
Iraq,2016.6666666659758,23354
Lebanon,2016.6666666659758,1123
Palestinian,2016.6666666659758,329
Pakistan,2016.6666666659758,6633
Iran (Islamic Rep. of),2016.6666666659758,9395
Syrian Arab Republic,2016.7499999993058,0
Afghanistan,2016.7499999993058,21906
Iraq,2016.7499999993058,17047
Lebanon,2016.7499999993058,461
Palestinian,2016.7499999993058,357
Pakistan,2016.7499999993058,5106
Iran (Islamic Rep. of),2016.7499999993058,7017
Syrian Arab Republic,2016.833333332636,0
Afghanistan,2016.833333332636,15076
Iraq,2016.833333332636,14047
Lebanon,2016.833333332636,348
Palestinian,2016.833333332636,332
Pakistan,2016.833333332636,4425
Iran (Islamic Rep. of),2016.833333332636,5730
Syrian Arab Republic,2016.916666665966,0
Afghanistan,2016.916666665966,11652
Iraq,2016.916666665966,11752
Lebanon,2016.916666665966,320
Palestinian,2016.916666665966,369
Pakistan,2016.916666665966,3798
Iran (Islamic Rep. of),2016.916666665966,5014
Syrian Arab Republic,2016.999999999296,0
Afghanistan,2016.999999999296,11753
Iraq,2016.999999999296,11022
Lebanon,2016.999999999296,328
Palestinian,2016.999999999296,417
Pakistan,2016.999999999296,3554
Iran (Islamic Rep. of),2016.999999999296,4002
Syrian Arab Republic,2017.0833333326261,0
Afghanistan,2017.0833333326261,16138
Iraq,2017.0833333326261,10905
Lebanon,2017.0833333326261,296
Palestinian,2017.0833333326261,422
Pakistan,2017.0833333326261,4010
Iran (Islamic Rep. of),2017.0833333326261,3504
Syrian Arab Republic,2017.1666666659562,0
Afghanistan,2017.1666666659562,15853
Iraq,2017.1666666659562,9351
Lebanon,2017.1666666659562,276
Palestinian,2017.1666666659562,408
Pakistan,2017.1666666659562,3878
Iran (Islamic Rep. of),2017.1666666659562,3664
Syrian Arab Republic,2017.2499999992863,0
Afghanistan,2017.2499999992863,12499
Iraq,2017.2499999992863,8449
Lebanon,2017.2499999992863,258
Palestinian,2017.2499999992863,280
Pakistan,2017.2499999992863,2253
Iran (Islamic Rep. of),2017.2499999992863,3471
Syrian Arab Republic,2017.3333333326163,0
Afghanistan,2017.3333333326163,6956
Iraq,2017.3333333326163,4575
Lebanon,2017.3333333326163,125
Palestinian,2017.3333333326163,97
Pakistan,2017.3333333326163,724
Iran (Islamic Rep. of),2017.3333333326163,1702
Syrian Arab Republic,2017.4166666659464,0
Afghanistan,2017.4166666659464,0
Iraq,2017.4166666659464,0
Lebanon,2017.4166666659464,0
Palestinian,2017.4166666659464,0
Pakistan,2017.4166666659464,0
Iran (Islamic Rep. of),2017.4166666659464,0
