,country,year,average_pr,average_tas
0,AFG,1991,36.9314533333,13.1180333333
1,AFG,1992,35.9575858333,12.6558891667
2,AFG,1993,27.31793,12.905315
3,AFG,1994,27.6920091667,13.1427075
4,AFG,1995,24.6367966667,13.1249633333
5,AFG,1996,25.6163466667,12.6280025
6,AFG,1997,28.32282,12.8987708333
7,AFG,1998,28.5077925,13.2157916667
8,AFG,1999,25.0624658333,14.0309925
9,AFG,2000,17.4683775,13.6682841667
10,AFG,2001,14.5263025,14.4426641667
11,AFG,2002,24.3198008333,14.2521541667
12,AFG,2003,26.9824375,13.7147916667
13,AFG,2004,23.3690016667,14.5956616667
14,AFG,2005,28.9729808333,13.9710975
15,AFG,2006,26.4477458333,14.6113141667
16,AFG,2007,24.1806925,13.9700691667
17,AFG,2008,19.4693458333,14.1287666667
18,AFG,2009,30.5166383333,14.0881808333
19,AFG,2010,23.1339158333,14.4894683333
20,AFG,2011,26.4684483333,14.0711933333
21,AFG,2012,32.3500466667,13.309705
22,AFG,2013,27.1750075,14.1895691667
23,AFG,2014,24.7577383333,13.9663316667
24,AFG,2015,32.3480208333,14.1068333333
25,MWI,1991,89.8687316667,21.9493333333
26,MWI,1992,61.1795016667,22.3502916667
27,MWI,1993,79.7835833333,22.11695
28,MWI,1994,67.4811041667,22.2221916667
29,MWI,1995,75.44132,22.5914166667
30,MWI,1996,91.1666275,22.2005
31,MWI,1997,97.6344475,22.45455
32,MWI,1998,68.8898033333,22.7384583333
33,MWI,1999,95.5601033333,22.146025
34,MWI,2000,87.2245858333,21.891025
35,MWI,2001,88.1019941667,22.2810833333
36,MWI,2002,81.1432566667,22.4050083333
37,MWI,2003,90.0416616667,22.4587083333
38,MWI,2004,97.7745525,22.237025
39,MWI,2005,61.11919,22.9758583333
40,MWI,2006,81.4646266667,22.3282833333
41,MWI,2007,88.158745,22.4345333333
42,MWI,2008,87.4966508333,22.2332916667
43,MWI,2009,95.0786175,22.493725
44,MWI,2010,78.4762575,22.9658583333
45,MWI,2011,95.554235,22.3816583333
46,MWI,2012,89.3671875,22.2137416667
47,MWI,2013,91.5058775,22.353025
48,MWI,2014,87.2456525,22.4904666667
49,MWI,2015,72.4034233333,22.6955583333
100,GIN,1991,129.693565,25.9467916667
101,GIN,1992,132.0220333333,25.6933833333
102,GIN,1993,129.8294158333,25.889375
103,GIN,1994,161.7699241667,25.5675583333
104,GIN,1995,141.3569791667,25.8960083333
105,GIN,1996,140.9839475,26.1163666667
106,GIN,1997,140.3986533333,26.0484666667
107,GIN,1998,145.8131808333,26.6681916667
108,GIN,1999,145.4140716667,26.015925
109,GIN,2000,140.5226575,25.9820416667
110,GIN,2001,127.3072133333,26.1901333333
111,GIN,2002,129.3200258333,26.1887416667
112,GIN,2003,149.26803,26.3524416667
113,GIN,2004,143.7838933333,26.52975
114,GIN,2005,136.5711591667,26.591575
115,GIN,2006,137.3083925,26.254025
116,GIN,2007,122.9105141667,26.3051666667
117,GIN,2008,147.6808175,25.8563333333
118,GIN,2009,131.8498341667,26.1087666667
119,GIN,2010,164.64926,26.5151333333
120,GIN,2011,137.1635433333,26.2045083333
121,GIN,2012,141.3844408333,26.1045
122,GIN,2013,145.0374925,26.2134416667
123,GIN,2014,143.0485625,26.2368083333
124,GIN,2015,152.41057,26.4942833333
125,BDI,1991,101.1259741667,20.2925916667
126,BDI,1992,96.87458,20.375225
127,BDI,1993,86.6388066667,20.2877416667
128,BDI,1994,103.5483833333,20.2389166667
129,BDI,1995,93.6498383333,20.8660083333
130,BDI,1996,85.9961916667,20.58665
131,BDI,1997,114.6292608333,20.85295
132,BDI,1998,104.8643291667,20.7614166667
133,BDI,1999,101.2242175,20.4727666667
134,BDI,2000,89.5266191667,20.7136
135,BDI,2001,113.262675,21.2151666667
136,BDI,2002,102.8039708333,21.2907416667
137,BDI,2003,108.8346333333,21.472775
138,BDI,2004,70.5645233333,21.0007166667
139,BDI,2005,90.3626966667,21.6128416667
140,BDI,2006,111.1770383333,20.990975
141,BDI,2007,107.8856508333,20.9888333333
142,BDI,2008,99.9427225,21.0247833333
143,BDI,2009,104.3354833333,21.6032916667
144,BDI,2010,108.0672391667,21.4138166667
145,BDI,2011,124.9363833333,21.0479583333
146,BDI,2012,84.2152433333,20.9279083333
147,BDI,2013,108.3990766667,20.8403583333
148,BDI,2014,104.1217891667,21.046975
149,BDI,2015,109.8710375,20.68845
150,NER,1991,14.2062766667,27.577425
151,NER,1992,13.3563325,26.7950666667
152,NER,1993,11.8306375,27.441325
153,NER,1994,18.6367475,27.07815
154,NER,1995,11.9445141667,27.6269833333
155,NER,1996,11.1679183333,27.8308166667
156,NER,1997,13.95488,27.8308333333
157,NER,1998,16.1132775,28.1595083333
158,NER,1999,18.9731733333,27.9914416667
159,NER,2000,12.4265916667,27.3681083333
160,NER,2001,13.490845,27.7481416667
161,NER,2002,11.9987841667,27.8060916667
162,NER,2003,17.37854,27.8404583333
163,NER,2004,14.3805375,28.0375416667
164,NER,2005,16.9063375,28.0448833333
165,NER,2006,14.5059908333,27.9585
166,NER,2007,17.8846616667,28.051875
167,NER,2008,15.0023416667,27.5368083333
168,NER,2009,13.4650416667,28.618525
169,NER,2010,15.9337783333,28.7143583333
170,NER,2011,12.84584,28.1708166667
171,NER,2012,17.5231275,28.0581
172,NER,2013,15.4926766667,28.1053083333
173,NER,2014,13.1988941667,28.3003916667
174,NER,2015,15.1672766667,27.7006666667
200,SOM,1991,19.1152708333,26.9276
201,SOM,1992,19.646385,26.852475
202,SOM,1993,21.0588175,26.7587666667
203,SOM,1994,22.7305208333,26.8032916667
204,SOM,1995,23.8276808333,27.0181583333
205,SOM,1996,18.6940408333,26.960075
206,SOM,1997,31.2249783333,26.84915
207,SOM,1998,19.46594,27.2101666667
208,SOM,1999,21.5103625,26.789025
209,SOM,2000,22.4039558333,26.8837583333
210,SOM,2001,20.6973141667,26.9220333333
211,SOM,2002,23.970245,27.146025
212,SOM,2003,23.225365,27.2249666667
213,SOM,2004,25.17761,27.1213333333
214,SOM,2005,22.7164641667,27.1099166667
215,SOM,2006,24.5172316667,27.0956916667
216,SOM,2007,25.1883708333,27.0832833333
217,SOM,2008,22.8890366667,26.6935916667
218,SOM,2009,22.0253641667,27.436725
219,SOM,2010,21.3898041667,27.1741583333
220,SOM,2011,25.3506416667,27.1998
221,SOM,2012,22.4955358333,27.05105
222,SOM,2013,27.6457841667,27.0681083333
223,SOM,2014,23.0400875,27.2299333333
224,SOM,2015,26.0166841667,27.5599583333
225,PAK,1991,24.6399358333,19.8752925
226,PAK,1992,31.8024558333,19.7800708333
227,PAK,1993,19.8952208333,20.4492175
228,PAK,1994,35.6005225,20.1686375
229,PAK,1995,29.1641441667,20.0149083333
230,PAK,1996,28.1229383333,19.912235
231,PAK,1997,31.1676575,19.546385
232,PAK,1998,24.6889891667,20.5441075
233,PAK,1999,21.0197758333,20.9432075
234,PAK,2000,16.0181016667,20.7677516667
235,PAK,2001,19.4671983333,20.9075075
236,PAK,2002,17.0793733333,20.91663
237,PAK,2003,31.7461766667,20.3980225
238,PAK,2004,21.4130275,21.1399833333
239,PAK,2005,27.2632091667,20.2210091667
240,PAK,2006,29.5240866667,20.9806483333
241,PAK,2007,26.8213508333,20.7407716667
242,PAK,2008,28.0831266667,20.5548933333
243,PAK,2009,23.0914616667,20.9591166667
244,PAK,2010,31.841605,21.0980716667
245,PAK,2011,27.09047,20.8126091667
246,PAK,2012,22.861,20.1566291667
247,PAK,2013,29.6216175,20.6705475
248,PAK,2014,22.2946025,20.5367391667
249,PAK,2015,32.7846341667,20.51231
250,ZMB,1991,78.1227583333,21.7530916667
251,ZMB,1992,64.0528783333,22.247725
252,ZMB,1993,80.5100841667,21.89085
253,ZMB,1994,63.264825,22.3164583333
254,ZMB,1995,64.1541291667,22.668275
255,ZMB,1996,77.4023941667,22.407675
256,ZMB,1997,86.6305733333,22.612275
257,ZMB,1998,78.5767325,22.6639166667
258,ZMB,1999,63.3556875,21.8860166667
259,ZMB,2000,88.5257316667,21.9630083333
260,ZMB,2001,87.2356066667,22.340675
261,ZMB,2002,76.9995316667,22.5976416667
262,ZMB,2003,86.0395033333,22.6300916667
263,ZMB,2004,90.1621466667,22.175375
264,ZMB,2005,67.6911925,23.3039166667
265,ZMB,2006,85.4706808333,21.8201583333
266,ZMB,2007,79.3465375,21.9350666667
267,ZMB,2008,81.6712941667,21.8971416667
268,ZMB,2009,90.5666466667,22.3919166667
269,ZMB,2010,85.89141,22.6879833333
270,ZMB,2011,81.0477908333,21.981275
271,ZMB,2012,92.2755491667,22.0594083333
272,ZMB,2013,82.162935,22.033725
273,ZMB,2014,83.4126291667,22.0789416667
274,ZMB,2015,72.928165,22.4356333333
275,SEN,1991,49.4108558333,28.33675
276,SEN,1992,50.3470283333,28.2625583333
277,SEN,1993,51.6582058333,28.493975
278,SEN,1994,65.085615,27.9856666667
279,SEN,1995,54.5953066667,28.3069416667
280,SEN,1996,55.16189,28.651275
281,SEN,1997,55.0102858333,28.6882333333
282,SEN,1998,56.39861,29.2035166667
283,SEN,1999,71.6408433333,28.1717833333
284,SEN,2000,62.7259308333,28.4142416667
285,SEN,2001,52.2757133333,28.7622333333
286,SEN,2002,41.8936308333,28.7854916667
287,SEN,2003,71.3088975,28.7527333333
288,SEN,2004,56.9190433333,28.825075
289,SEN,2005,71.426585,28.8937916667
290,SEN,2006,56.8813783333,28.6344166667
291,SEN,2007,53.44842,28.8030083333
292,SEN,2008,66.8702733333,28.7272666667
293,SEN,2009,67.2628775,28.3992
294,SEN,2010,76.7774566667,29.1628916667
295,SEN,2011,56.2322133333,28.6550833333
296,SEN,2012,68.6353725,28.52915
297,SEN,2013,64.5662491667,28.823075
298,SEN,2014,56.1285775,28.7172333333
299,SEN,2015,60.7646266667,28.88895
300,LBN,1991,62.7630983333,15.9004325
301,LBN,1992,59.8430975,14.6496833333
302,LBN,1993,33.9576775,15.7370975
303,LBN,1994,58.1869416667,16.5921866667
304,LBN,1995,28.5863658333,16.0872116667
305,LBN,1996,43.2463216667,16.3711725
306,LBN,1997,43.74,15.492445
307,LBN,1998,37.8482258333,16.9897533333
308,LBN,1999,22.6269158333,16.8514341667
309,LBN,2000,45.9556441667,16.3842283333
310,LBN,2001,47.4246666667,17.3738491667
311,LBN,2002,54.7851091667,16.6586183333
312,LBN,2003,73.1028616667,16.8811383333
313,LBN,2004,54.1820758333,16.4393008333
314,LBN,2005,43.9855066667,16.3229858333
315,LBN,2006,37.8496933333,15.9120491667
316,LBN,2007,40.0574775,16.236155
317,LBN,2008,30.3665191667,16.6037483333
318,LBN,2009,48.3231241667,16.5358633333
319,LBN,2010,33.1127891667,17.980575
320,LBN,2011,52.7423625,15.8199233333
321,LBN,2012,65.2467525,16.6793575
322,LBN,2013,45.64049,16.1487858333
323,LBN,2014,32.1286508333,16.5074866667
324,LBN,2015,35.8204741667,16.3389833333
325,CAF,1991,114.7582366667,25.0541833333
326,CAF,1992,110.9724608333,23.484275
327,CAF,1993,111.1482958333,23.2811416667
328,CAF,1994,109.3914975,24.2705
329,CAF,1995,114.7619608333,24.9626666667
330,CAF,1996,115.9538066667,25.0687333333
331,CAF,1997,114.8738875,25.1832333333
332,CAF,1998,118.9365641667,25.8108
333,CAF,1999,122.5252491667,24.93265
334,CAF,2000,109.4656266667,25.2208333333
335,CAF,2001,112.4869033333,25.3805666667
336,CAF,2002,102.7307441667,25.4568333333
337,CAF,2003,115.6722925,25.7813166667
338,CAF,2004,106.9083258333,25.9342916667
339,CAF,2005,108.3927116667,25.97265
340,CAF,2006,115.831375,25.6388583333
341,CAF,2007,116.7330875,25.9149666667
342,CAF,2008,111.3786925,25.485375
343,CAF,2009,109.2011858333,25.9952333333
344,CAF,2010,116.1094575,26.0873083333
345,CAF,2011,111.8494675,24.6152166667
346,CAF,2012,117.1497383333,25.5978666667
347,CAF,2013,120.0430966667,24.8141666667
348,CAF,2014,117.1782208333,25.3042333333
349,CAF,2015,106.6471025,25.7753416667
350,LBR,1991,201.8105083333,25.4578583333
351,LBR,1992,182.1400166667,25.3050833333
352,LBR,1993,170.347095,25.358825
353,LBR,1994,198.3003283333,25.2843416667
354,LBR,1995,206.7344191667,25.4848333333
355,LBR,1996,204.4435083333,25.610025
356,LBR,1997,164.93845,25.6360583333
357,LBR,1998,207.2742333333,26.12365
358,LBR,1999,227.5247583333,25.58235
359,LBR,2000,199.1658916667,25.5563083333
360,LBR,2001,210.82765,25.5375583333
361,LBR,2002,205.4755333333,25.5828333333
362,LBR,2003,209.5002166667,25.7736833333
363,LBR,2004,216.4737833333,25.80405
364,LBR,2005,177.6520666667,26.0517333333
365,LBR,2006,225.1277666667,25.819975
366,LBR,2007,196.1700666667,25.7865583333
367,LBR,2008,206.4819166667,25.2852333333
368,LBR,2009,200.5795583333,25.5577416667
369,LBR,2010,232.976625,26.0537333333
370,LBR,2011,207.8093083333,25.5770083333
371,LBR,2012,182.4206583333,25.4132
372,LBR,2013,201.3134416667,25.6445666667
373,LBR,2014,221.7703833333,25.5748
374,LBR,2015,187.519225,25.793775
375,CPV,1991,18.8074383333,22.79305
376,CPV,1992,21.5051566667,22.892375
377,CPV,1993,29.25681,22.85525
378,CPV,1994,19.2959108333,22.8324583333
379,CPV,1995,41.325465,23.0375083333
380,CPV,1996,22.728505,22.988
381,CPV,1997,24.0294091667,23.201975
382,CPV,1998,12.8583258333,23.3658166667
383,CPV,1999,32.7285183333,22.8622333333
384,CPV,2000,32.2544758333,23.000575
385,CPV,2001,33.11115,23.3002416667
386,CPV,2002,32.608475,23.1177083333
387,CPV,2003,31.9771025,23.1203583333
388,CPV,2004,31.3841216667,23.1550916667
389,CPV,2005,36.6685083333,23.42135
390,CPV,2006,33.3142083333,23.1510833333
391,CPV,2007,32.254675,23.1669166667
392,CPV,2008,33.4208083333,23.3096583333
393,CPV,2009,33.368075,22.966525
394,CPV,2010,33.6400916667,23.5345166667
395,CPV,2011,25.4631825,23.20505
396,CPV,2012,27.5853158333,23.1510666667
397,CPV,2013,30.1868366667,23.2117083333
398,CPV,2014,30.6412316667,23.0521
399,CPV,2015,32.4478366667,23.18525
400,CMR,1991,127.401355,24.6583916667
401,CMR,1992,129.0314425,24.27215
402,CMR,1993,135.5472666667,24.602475
403,CMR,1994,130.5393416667,24.5171833333
404,CMR,1995,121.0620933333,24.7130916667
405,CMR,1996,135.7918583333,24.6517
406,CMR,1997,139.2031891667,24.711775
407,CMR,1998,128.9469666667,25.445875
408,CMR,1999,140.4016,24.8816083333
409,CMR,2000,135.8471133333,24.68645
410,CMR,2001,140.8559941667,24.7443666667
411,CMR,2002,135.0917883333,24.8717833333
412,CMR,2003,138.4545666667,25.0313083333
413,CMR,2004,128.7326,25.1933416667
414,CMR,2005,120.5469375,25.2313083333
415,CMR,2006,135.8499083333,24.9703833333
416,CMR,2007,147.0340333333,25.0929
417,CMR,2008,134.571125,24.7770833333
418,CMR,2009,118.0677416667,25.397775
419,CMR,2010,131.6648166667,25.4035916667
420,CMR,2011,112.8754416667,25.1331666667
421,CMR,2012,132.6600916667,25.098325
422,CMR,2013,117.5183,24.9301333333
423,CMR,2014,124.1302666667,25.1907083333
424,CMR,2015,111.5512558333,25.1317583333
425,NGA,1991,99.9517033333,26.9184416667
426,NGA,1992,92.0359608333,26.5130333333
427,NGA,1993,90.769005,26.9531166667
428,NGA,1994,100.371435,26.660675
429,NGA,1995,97.2829191667,26.9893416667
430,NGA,1996,103.984655,27.0091666667
431,NGA,1997,99.6922041667,26.9551833333
432,NGA,1998,95.9470708333,27.6330416667
433,NGA,1999,102.4212175,27.1996666667
434,NGA,2000,95.8878741667,26.8166833333
435,NGA,2001,89.024895,26.985425
436,NGA,2002,92.8276691667,27.1968333333
437,NGA,2003,111.7757508333,27.3571416667
438,NGA,2004,94.5597525,27.3384416667
439,NGA,2005,87.1393233333,27.4596416667
440,NGA,2006,94.7266733333,27.4168083333
441,NGA,2007,102.3190125,27.492675
442,NGA,2008,105.3780925,27.0553583333
443,NGA,2009,92.9913075,27.8204583333
444,NGA,2010,101.8343233333,27.8321416667
445,NGA,2011,76.6456083333,27.4204
446,NGA,2012,98.2374058333,27.2671333333
447,NGA,2013,76.5993633333,27.383825
448,NGA,2014,90.7040933333,27.527175
449,NGA,2015,80.3869116667,27.3559333333
450,ZWE,1991,42.6327583333,21.6221916667
451,ZWE,1992,37.924875,22.353075
452,ZWE,1993,55.1675641667,21.6849666667
453,ZWE,1994,38.5060066667,21.3919083333
454,ZWE,1995,38.3393216667,22.3076833333
455,ZWE,1996,57.8960208333,21.67115
456,ZWE,1997,65.9785875,21.6980916667
457,ZWE,1998,57.3283808333,22.2783416667
458,ZWE,1999,57.3385716667,21.389825
459,ZWE,2000,74.3191,21.3512833333
460,ZWE,2001,72.6980266667,21.5368083333
461,ZWE,2002,37.0363633333,21.9581833333
462,ZWE,2003,51.8678516667,21.8798583333
463,ZWE,2004,61.848515,22.0621333333
464,ZWE,2005,47.5975025,23.1078166667
465,ZWE,2006,58.2270991667,21.7427083333
466,ZWE,2007,56.1862566667,21.8126
467,ZWE,2008,45.8182825,21.7908083333
468,ZWE,2009,54.4417741667,22.27945
469,ZWE,2010,56.797645,22.1804083333
470,ZWE,2011,59.5472475,21.6861
471,ZWE,2012,50.197275,21.9012916667
472,ZWE,2013,51.4104358333,21.5780416667
473,ZWE,2014,54.6500033333,21.6434
474,ZWE,2015,35.114965,22.2904083333
475,MDG,1991,115.9896166667,23.280425
476,MDG,1992,119.1939583333,22.8756583333
477,MDG,1993,116.964875,23.6284166667
478,MDG,1994,110.29725,22.936575
479,MDG,1995,125.014375,22.7328166667
480,MDG,1996,123.964575,22.5591833333
481,MDG,1997,127.2331416667,22.7593666667
482,MDG,1998,142.4186416667,23.023625
483,MDG,1999,114.2337166667,22.8207583333
484,MDG,2000,107.2235083333,22.8204666667
485,MDG,2001,115.8395833333,24.5181083333
486,MDG,2002,120.6251416667,24.6213416667
487,MDG,2003,119.7894666667,22.868125
488,MDG,2004,124.2021833333,22.87835
489,MDG,2005,115.6932416667,24.034575
490,MDG,2006,110.674825,25.266775
491,MDG,2007,108.385125,25.2520833333
492,MDG,2008,123.4824416667,25.5817666667
493,MDG,2009,116.7981833333,25.968875
494,MDG,2010,110.709875,24.5388916667
495,MDG,2011,104.2360833333,24.4830166667
496,MDG,2012,111.4527583333,22.8168833333
497,MDG,2013,128.6528666667,22.757975
498,MDG,2014,136.9162583333,23.43415
499,MDG,2015,112.2997333333,22.9865416667
500,LSO,1991,72.149335,13.3098258333
501,LSO,1992,39.9497933333,13.80228
502,LSO,1993,61.51349,13.6572316667
503,LSO,1994,50.3505358333,12.6788125
504,LSO,1995,62.887245,13.0034258333
505,LSO,1996,76.5229633333,12.3814566667
506,LSO,1997,67.426475,12.7232166667
507,LSO,1998,74.0923441667,12.967895
508,LSO,1999,60.6954491667,13.7919483333
509,LSO,2000,72.6922016667,12.7809975
510,LSO,2001,76.6243525,13.0139233333
511,LSO,2002,59.940445,13.0258258333
512,LSO,2003,47.8480391667,13.4117733333
513,LSO,2004,56.8465825,13.4480783333
514,LSO,2005,50.5108891667,13.62789
515,LSO,2006,84.7754425,12.9582025
516,LSO,2007,56.2075391667,13.1817183333
517,LSO,2008,60.326005,13.5734625
518,LSO,2009,64.349325,13.2514641667
519,LSO,2010,70.2445341667,13.9930758333
520,LSO,2011,73.0181258333,13.2546425
521,LSO,2012,59.0220533333,13.5768908333
522,LSO,2013,54.2227533333,13.88473
523,LSO,2014,61.120935,13.8873858333
524,LSO,2015,39.0420158333,13.8660966667
525,ZAR,1991,122.5015166667,24.1103583333
526,ZAR,1992,117.5361583333,24.0697583333
527,ZAR,1993,117.3564833333,23.8464666667
528,ZAR,1994,113.70135,24.098975
529,ZAR,1995,119.5917166667,24.466525
530,ZAR,1996,109.1214,24.239275
531,ZAR,1997,127.6735416667,24.6433833333
532,ZAR,1998,117.6786416667,24.657525
533,ZAR,1999,125.6781,24.0233666667
534,ZAR,2000,121.2591,24.2912
535,ZAR,2001,116.880175,24.659875
536,ZAR,2002,133.777825,24.715175
537,ZAR,2003,123.1161416667,24.8289916667
538,ZAR,2004,114.00375,24.699625
539,ZAR,2005,116.64175,25.04645
540,ZAR,2006,136.5839916667,24.63025
541,ZAR,2007,128.3838833333,24.5703083333
542,ZAR,2008,125.3794166667,24.4933916667
543,ZAR,2009,128.9860833333,25.0113833333
544,ZAR,2010,124.4910583333,25.0211666667
545,ZAR,2011,128.10045,24.3175083333
546,ZAR,2012,124.4623666667,24.3270666667
547,ZAR,2013,127.9044916667,24.5135
548,ZAR,2014,123.4187333333,24.5373666667
549,ZAR,2015,125.432825,24.511425
550,LBN,1991,62.7630983333,15.9004325
551,LBN,1992,59.8430975,14.6496833333
552,LBN,1993,33.9576775,15.7370975
553,LBN,1994,58.1869416667,16.5921866667
554,LBN,1995,28.5863658333,16.0872116667
555,LBN,1996,43.2463216667,16.3711725
556,LBN,1997,43.74,15.492445
557,LBN,1998,37.8482258333,16.9897533333
558,LBN,1999,22.6269158333,16.8514341667
559,LBN,2000,45.9556441667,16.3842283333
560,LBN,2001,47.4246666667,17.3738491667
561,LBN,2002,54.7851091667,16.6586183333
562,LBN,2003,73.1028616667,16.8811383333
563,LBN,2004,54.1820758333,16.4393008333
564,LBN,2005,43.9855066667,16.3229858333
565,LBN,2006,37.8496933333,15.9120491667
566,LBN,2007,40.0574775,16.236155
567,LBN,2008,30.3665191667,16.6037483333
568,LBN,2009,48.3231241667,16.5358633333
569,LBN,2010,33.1127891667,17.980575
570,LBN,2011,52.7423625,15.8199233333
571,LBN,2012,65.2467525,16.6793575
572,LBN,2013,45.64049,16.1487858333
573,LBN,2014,32.1286508333,16.5074866667
574,LBN,2015,35.8204741667,16.3389833333
575,ETH,1991,63.7927,22.7563833333
576,ETH,1992,61.02485,22.3767083333
577,ETH,1993,65.9890933333,22.0244833333
578,ETH,1994,68.0946925,22.4578
579,ETH,1995,59.2975158333,22.996925
580,ETH,1996,66.9844925,22.8696416667
581,ETH,1997,70.596875,22.7925
582,ETH,1998,71.5321133333,23.069075
583,ETH,1999,60.1813666667,22.5443333333
584,ETH,2000,74.0795316667,22.8535416667
585,ETH,2001,63.9402775,22.9293
586,ETH,2002,55.1999333333,23.2994583333
587,ETH,2003,61.4704883333,23.2443333333
588,ETH,2004,65.769625,23.1345583333
589,ETH,2005,68.2566933333,23.0942583333
590,ETH,2006,70.5206533333,23.1183666667
591,ETH,2007,68.6914866667,23.0180833333
592,ETH,2008,68.9640775,22.79165
593,ETH,2009,60.69965,23.5772666667
594,ETH,2010,71.6537608333,23.2841083333
595,ETH,2011,66.0009416667,22.7999
596,ETH,2012,70.8421166667,23.1672666667
597,ETH,2013,80.6274283333,23.2128833333
598,ETH,2014,73.7687675,23.220875
599,ETH,2015,68.6211525,23.7143833333
600,KEN,1991,48.2620916667,24.6324916667
601,KEN,1992,48.9877333333,24.5453666667
602,KEN,1993,50.8496083333,24.4320166667
603,KEN,1994,56.989235,24.471825
604,KEN,1995,56.5644916667,24.87855
605,KEN,1996,44.2771233333,24.8093166667
606,KEN,1997,84.8521025,24.8684916667
607,KEN,1998,58.9074333333,24.9073
608,KEN,1999,50.7092391667,24.7944916667
609,KEN,2000,37.3522708333,24.9628083333
610,KEN,2001,52.9421125,25.0228166667
611,KEN,2002,61.8221833333,25.5432166667
612,KEN,2003,53.25278,25.4773083333
613,KEN,2004,55.522225,25.2190666667
614,KEN,2005,45.0372666667,25.1374666667
615,KEN,2006,64.526425,25.2973833333
616,KEN,2007,59.2793333333,25.052925
617,KEN,2008,55.6799,24.963225
618,KEN,2009,55.0265,25.6169833333
619,KEN,2010,53.8848166667,25.3945916667
620,KEN,2011,54.3648666667,25.35425
621,KEN,2012,64.1677666667,25.0390833333
622,KEN,2013,66.4881333333,25.1177916667
623,KEN,2014,52.3270416667,25.4499666667
624,KEN,2015,65.56975,25.446125
625,SLE,1991,180.768705,26.1453166667
626,SLE,1992,216.4203833333,25.9691916667
627,SLE,1993,196.0164925,26.118325
628,SLE,1994,202.0637933333,25.8249083333
629,SLE,1995,220.0881533333,26.1383
630,SLE,1996,196.150525,26.2206333333
631,SLE,1997,189.1766166667,26.27185
632,SLE,1998,214.2422416667,26.7999083333
633,SLE,1999,206.9186433333,26.3356583333
634,SLE,2000,201.7648166667,26.279925
635,SLE,2001,194.3393041667,26.4194416667
636,SLE,2002,200.0661941667,26.4047583333
637,SLE,2003,199.1677533333,26.5750416667
638,SLE,2004,209.9624975,26.6253333333
639,SLE,2005,183.7049125,26.8745416667
640,SLE,2006,200.2256683333,26.5687083333
641,SLE,2007,192.3085225,26.4720666667
642,SLE,2008,194.6128575,26.2112666667
643,SLE,2009,190.29087,26.2645833333
644,SLE,2010,229.5430558333,26.6612583333
645,SLE,2011,200.9533875,26.3533666667
646,SLE,2012,201.1481775,26.23645
647,SLE,2013,204.6171683333,26.3966833333
648,SLE,2014,209.2861616667,26.3322166667
649,SLE,2015,223.2108033333,26.5034916667
650,MLI,1991,25.1703283333,28.4030833333
651,MLI,1992,23.9158633333,28.0338
652,MLI,1993,23.8838066667,28.6296666667
653,MLI,1994,31.57345,28.0606333333
654,MLI,1995,24.9012008333,28.6627333333
655,MLI,1996,23.8888016667,28.885575
656,MLI,1997,23.7787758333,28.9096833333
657,MLI,1998,27.4770933333,29.1660416667
658,MLI,1999,32.0716766667,28.4923916667
659,MLI,2000,24.5249658333,28.83015
660,MLI,2001,24.6084508333,29.0575333333
661,MLI,2002,21.3699366667,29.18205
662,MLI,2003,30.51586,29.1800416667
663,MLI,2004,26.5284225,29.1611666667
664,MLI,2005,27.0650633333,29.3472
665,MLI,2006,24.6323158333,28.8539333333
666,MLI,2007,25.9847858333,29.0675
667,MLI,2008,29.5927825,28.5499
668,MLI,2009,26.882245,29.2214666667
669,MLI,2010,33.1753158333,29.74765
670,MLI,2011,23.975285,29.2277416667
671,MLI,2012,28.6975741667,28.7673666667
672,MLI,2013,27.03219,28.9210833333
673,MLI,2014,27.3292708333,29.0446
674,MLI,2015,27.3353866667,29.0664416667
675,IRN,1991,21.9620958333,17.2312033333
676,IRN,1992,22.9141508333,16.1695875
677,IRN,1993,21.2986866667,16.9206041667
678,IRN,1994,18.6115666667,17.492595
679,IRN,1995,18.6685475,17.5481241667
680,IRN,1996,23.2370025,17.2450841667
681,IRN,1997,19.4330308333,17.622035
682,IRN,1998,17.9708908333,18.4388908333
683,IRN,1999,16.1917875,18.397005
684,IRN,2000,15.257165,18.166915
685,IRN,2001,13.0459708333,18.6150783333
686,IRN,2002,16.5599725,18.2023408333
687,IRN,2003,18.2426125,17.8743058333
688,IRN,2004,21.343065,18.15086
689,IRN,2005,16.9146333333,17.9820008333
690,IRN,2006,18.687735,18.1029025
691,IRN,2007,16.5959475,17.6778341667
692,IRN,2008,11.0471583333,17.8438591667
693,IRN,2009,19.5608258333,17.9717675
694,IRN,2010,12.1665325,18.9130116667
695,IRN,2011,17.4746933333,17.8540283333
696,IRN,2012,18.5469758333,17.718915
697,IRN,2013,16.0584241667,18.2488133333
698,IRN,2014,15.4604,18.1087033333
699,IRN,2015,16.43362,18.5879066667
700,DJI,1991,15.4861066667,27.9488166667
701,DJI,1992,24.9468958333,27.6354583333
702,DJI,1993,26.2727033333,27.4611583333
703,DJI,1994,26.8050058333,27.8058333333
704,DJI,1995,25.9251466667,28.0557666667
705,DJI,1996,11.61468,28.1799083333
706,DJI,1997,17.6178633333,28.0351333333
707,DJI,1998,19.1514583333,28.67825
708,DJI,1999,32.4760141667,27.86455
709,DJI,2000,27.97449,28.0409833333
710,DJI,2001,21.4613441667,28.0494166667
711,DJI,2002,18.2593725,28.3360333333
712,DJI,2003,18.71271,28.5137833333
713,DJI,2004,20.7338666667,28.00365
714,DJI,2005,18.0248225,28.0232583333
715,DJI,2006,22.7022275,28.1755
716,DJI,2007,18.8023658333,28.1671583333
717,DJI,2008,18.5277216667,27.50105
718,DJI,2009,17.962095,28.6397166667
719,DJI,2010,22.5213441667,28.4422916667
720,DJI,2011,20.8414016667,28.300725
721,DJI,2012,19.9384175,28.4106333333
722,DJI,2013,27.7430208333,28.3899333333
723,DJI,2014,25.29078,28.3138166667
724,DJI,2015,17.50893,28.9141
725,TZA,1991,89.154215,22.5245583333
726,TZA,1992,80.2732208333,22.612675
727,TZA,1993,72.902685,22.4440416667
728,TZA,1994,83.6006925,22.4905083333
729,TZA,1995,77.3115483333,22.95
730,TZA,1996,78.8153191667,22.794675
731,TZA,1997,94.25083,23.0811
732,TZA,1998,83.2397375,23.0931333333
733,TZA,1999,81.8692633333,22.820975
734,TZA,2000,75.1271408333,22.8326416667
735,TZA,2001,78.607155,23.0107583333
736,TZA,2002,95.0572341667,23.2938
737,TZA,2003,66.3023566667,23.4402416667
738,TZA,2004,85.3842925,23.02105
739,TZA,2005,65.7214133333,23.3995583333
740,TZA,2006,97.8289291667,23.0483
741,TZA,2007,78.0586583333,23.0577
742,TZA,2008,78.9742725,23.04975
743,TZA,2009,80.9337541667,23.4133583333
744,TZA,2010,75.9974025,23.4524916667
745,TZA,2011,89.1581283333,23.0851
746,TZA,2012,66.8688825,23.0836583333
747,TZA,2013,84.1784608333,23.0013
748,TZA,2014,85.4866641667,23.2132083333
749,TZA,2015,84.4115375,23.070925
750,SDN,1991,38.3695725,26.872975
751,SDN,1992,34.0754775,24.3970583333
752,SDN,1993,35.1661125,23.8889666667
753,SDN,1994,38.4127325,25.68735
754,SDN,1995,36.3195483333,27.2510333333
755,SDN,1996,34.866135,27.4476666667
756,SDN,1997,35.2078658333,26.9658166667
757,SDN,1998,37.2110308333,27.6470583333
758,SDN,1999,41.9609308333,27.3383916667
759,SDN,2000,36.1038175,27.3948333333
760,SDN,2001,34.4166925,27.704275
761,SDN,2002,33.6247941667,27.9532416667
762,SDN,2003,39.6852466667,28.0723166667
763,SDN,2004,31.4011858333,28.1233333333
764,SDN,2005,34.6214891667,28.305875
765,SDN,2006,38.7670091667,27.9879
766,SDN,2007,42.2588233333,28.1531916667
767,SDN,2008,37.5830158333,28.289025
768,SDN,2009,29.55707,28.6465583333
769,SDN,2010,39.3466416667,28.945625
770,SDN,2011,34.2643591667,25.3044916667
771,SDN,2012,36.6737841667,28.0151833333
772,SDN,2013,37.81882,25.9689416667
773,SDN,2014,39.2180183333,26.7734416667
774,SDN,2015,33.8321016667,28.311325
775,RWA,1991,99.9088666667,19.3225
776,RWA,1992,92.2850433333,19.3592833333
777,RWA,1993,90.9355816667,19.34135
778,RWA,1994,107.1403908333,19.2142666667
779,RWA,1995,96.6967333333,19.8900083333
780,RWA,1996,91.6281583333,19.580825
781,RWA,1997,106.1289166667,19.8323666667
782,RWA,1998,107.6846783333,19.7517666667
783,RWA,1999,91.26352,19.5290416667
784,RWA,2000,88.3740308333,19.8404833333
785,RWA,2001,115.7691666667,20.4091416667
786,RWA,2002,104.4851516667,20.4990583333
787,RWA,2003,101.7949775,20.6637666667
788,RWA,2004,76.7304558333,20.1656583333
789,RWA,2005,83.3956,20.7065583333
790,RWA,2006,107.6179333333,20.1725416667
791,RWA,2007,114.9460416667,20.1945166667
792,RWA,2008,92.2608383333,20.23735
793,RWA,2009,105.6412916667,20.8777916667
794,RWA,2010,114.739325,20.5853583333
795,RWA,2011,124.5336416667,20.2021166667
796,RWA,2012,91.0918158333,20.0477416667
797,RWA,2013,105.7429825,19.964075
798,RWA,2014,101.6285,20.2132666667
799,RWA,2015,109.93855,19.80995
800,MRT,1991,5.8103525,27.9568916667
801,MRT,1992,6.9124525,27.6677
802,MRT,1993,7.5452258333,27.8325916667
803,MRT,1994,8.3800541667,27.655
804,MRT,1995,8.7119916667,28.1833333333
805,MRT,1996,6.2028741667,28.2786083333
806,MRT,1997,7.3058433333,28.5518416667
807,MRT,1998,7.5930525,28.683825
808,MRT,1999,9.5990325,28.013275
809,MRT,2000,8.620745,28.2799916667
810,MRT,2001,6.5933608333,29.046075
811,MRT,2002,6.5963866667,28.613675
812,MRT,2003,9.6066016667,28.538725
813,MRT,2004,8.38523,28.5077
814,MRT,2005,8.7211775,28.794225
815,MRT,2006,6.8724258333,28.5886
816,MRT,2007,7.7190908333,28.4487833333
817,MRT,2008,9.4758491667,28.4336333333
818,MRT,2009,8.6150325,28.620025
819,MRT,2010,11.4069508333,29.3592833333
820,MRT,2011,7.1924633333,28.7240083333
821,MRT,2012,9.06767,28.276275
822,MRT,2013,9.3790508333,28.8195916667
823,MRT,2014,7.6241391667,28.5356833333
824,MRT,2015,9.6239083333,28.9631583333
825,BFA,1991,70.2245233333,28.33005
826,BFA,1992,62.742915,27.9546166667
827,BFA,1993,59.5822275,28.5766833333
828,BFA,1994,81.11069,27.9955833333
829,BFA,1995,63.8097216667,28.343025
830,BFA,1996,63.5670841667,28.5551833333
831,BFA,1997,60.9211541667,28.5358666667
832,BFA,1998,68.03236,28.9434
833,BFA,1999,70.8659925,28.40675
834,BFA,2000,60.3915991667,28.53795
835,BFA,2001,60.525365,28.5735666667
836,BFA,2002,56.82824,28.9157
837,BFA,2003,76.2829675,28.794325
838,BFA,2004,61.165135,28.8751416667
839,BFA,2005,65.680135,29.1505166667
840,BFA,2006,65.1530458333,28.6758333333
841,BFA,2007,70.035965,28.8785833333
842,BFA,2008,69.3499333333,28.3173166667
843,BFA,2009,70.7937008333,29.002125
844,BFA,2010,69.1071608333,29.2110833333
845,BFA,2011,60.6335266667,28.9644833333
846,BFA,2012,73.3568133333,28.6255083333
847,BFA,2013,64.93516,28.7992833333
848,BFA,2014,70.6261316667,28.9502916667
849,BFA,2015,65.3172325,28.9640083333
850,UGA,1991,103.2848083333,22.7079
851,UGA,1992,93.8163666667,22.6670583333
852,UGA,1993,88.2490583333,22.556875
853,UGA,1994,107.3231833333,22.4837166667
854,UGA,1995,97.918725,23.3431083333
855,UGA,1996,108.52955,23.0189833333
856,UGA,1997,107.51592,23.4647166667
857,UGA,1998,101.7512333333,23.0920583333
858,UGA,1999,103.2014083333,23.0879833333
859,UGA,2000,93.1353833333,23.5938833333
860,UGA,2001,105.078525,24.1758666667
861,UGA,2002,109.6859083333,24.51845
862,UGA,2003,103.00085,24.4717916667
863,UGA,2004,95.762975,23.8567083333
864,UGA,2005,79.31245,24.0215333333
865,UGA,2006,110.5138083333,23.924775
866,UGA,2007,121.638725,23.8768
867,UGA,2008,98.038325,24.0638666667
868,UGA,2009,97.4872333333,24.7333166667
869,UGA,2010,118.9396166667,24.2372
870,UGA,2011,110.0423833333,23.7862333333
871,UGA,2012,117.666575,23.43125
872,UGA,2013,121.7781333333,23.4988583333
873,UGA,2014,99.9432583333,23.6246416667
874,UGA,2015,107.206,23.3983583333
875,IRQ,1991,15.3524758333,21.7040041667
876,IRQ,1992,19.1080216667,20.5872858333
877,IRQ,1993,17.8063033333,21.4471
878,IRQ,1994,18.839705,22.5657575
879,IRQ,1995,11.5844266667,22.1356466667
880,IRQ,1996,18.872075,22.8023408333
881,IRQ,1997,15.9936291667,21.6740208333
882,IRQ,1998,13.22485,23.0287466667
883,IRQ,1999,10.4948458333,23.051475
884,IRQ,2000,13.6951058333,22.418695
885,IRQ,2001,15.2951266667,22.8816991667
886,IRQ,2002,18.0847658333,22.4609975
887,IRQ,2003,17.6791458333,22.5336833333
888,IRQ,2004,15.61188,22.3723541667
889,IRQ,2005,15.8828366667,22.3587625
890,IRQ,2006,18.1760333333,22.4573541667
891,IRQ,2007,12.7569675,22.4008225
892,IRQ,2008,8.4326616667,22.3837941667
893,IRQ,2009,12.1456783333,22.5028566667
894,IRQ,2010,12.4894416667,24.0515666667
895,IRQ,2011,13.7537275,21.9731083333
896,IRQ,2012,12.3228875,22.8762441667
897,IRQ,2013,16.434735,21.9700208333
898,IRQ,2014,13.5406633333,22.6521533333
899,IRQ,2015,9.51312,23.22258
900,MOZ,1991,80.4865283333,23.91495
901,MOZ,1992,56.41185,24.3811916667
902,MOZ,1993,79.2388533333,24.057475
903,MOZ,1994,67.263055,23.858875
904,MOZ,1995,71.4111166667,24.3086833333
905,MOZ,1996,84.091605,23.9352833333
906,MOZ,1997,93.986075,23.9713583333
907,MOZ,1998,79.2504716667,24.4002416667
908,MOZ,1999,93.9022675,23.984
909,MOZ,2000,101.1135358333,23.8470666667
910,MOZ,2001,94.7092666667,24.1936666667
911,MOZ,2002,72.2740658333,24.3093166667
912,MOZ,2003,80.37671,24.2374583333
913,MOZ,2004,94.78077,24.0749916667
914,MOZ,2005,56.2547475,24.8363333333
915,MOZ,2006,70.2843033333,24.2554583333
916,MOZ,2007,78.9983258333,24.2642333333
917,MOZ,2008,79.701625,24.0736583333
918,MOZ,2009,75.2254475,24.2570833333
919,MOZ,2010,72.7595758333,24.71385
920,MOZ,2011,86.0002133333,24.2339
921,MOZ,2012,81.0016458333,24.050375
922,MOZ,2013,80.74147,24.1349083333
923,MOZ,2014,85.8620575,24.26845
924,MOZ,2015,70.91733,24.619625
